word,n,keep
miss,1963,y
time,1434,y
lady,1016,y
dear,960,y
sir,923,y
fanny,865,y
day,848,y
emma,789,y
sister,768,y
house,752,y
elizabeth,701,y
hope,651,y
mother,651,y
elinor,626,y
father,623,y
family,611,y
friend,609,y
mind,600,y
jane,576,y
feelings,571,y
love,568,y
home,567,y
happy,562,y
catherine,558,y
moment,552,y
letter,546,y
half,526,y
till,523,y
heart,518,y
marianne,510,y
found,502,y
crawford,493,y
pleasure,493,y
heard,490,y
morning,474,y
brother,473,y
anne,468,y
woman,465,y
poor,462,y
world,455,y
left,451,y
subject,445,y
replied,440,y
feel,430,y
manner,422,y
cried,419,y
harriet,419,y
hear,416,y
speak,416,y
looked,412,y
evening,411,y
happiness,396,y
life,394,y
weston,389,y
people,377,y
party,376,y
darcy,375,y
opinion,369,y
suppose,369,y
told,368,y
edmund,364,y
knightley,356,y
immediately,355,y
spirits,350,y
acquaintance,344,y
captain,343,y
ill,340,y
short,340,y
leave,337,y
friends,333,y
hour,329,y
chapter,327,y
idea,326,y
eyes,325,y
passed,324,y
visit,324,y
deal,319,y
elton,319,y
affection,318,y
attention,317,y
obliged,310,y
return,309,y
word,309,y
coming,305,y
sort,305,y
colonel,304,y
character,303,y
comfort,301,y
doubt,301,y
answer,299,y
thomas,299,y
bennet,297,y
daughter,296,y
brought,295,y
perfectly,293,y
rest,293,y
person,288,y
account,286,y
john,286,y
edward,283,y
town,282,y
aunt,280,y
wife,280,y
woodhouse,277,y
minutes,276,y
received,276,y
glad,274,y
days,273,y
henry,272,y
set,272,y
means,271,y
situation,268,y
walk,267,y
door,266,y
london,265,y
reason,263,y
business,260,y
conversation,260,y
bingley,259,y
hand,258,y
wished,258,y
feeling,257,y
pretty,257,y
continued,255,y
elliot,254,y
girl,254,y
added,250,y
agreeable,250,y
carriage,248,y
talked,248,y
talk,247,y
marriage,246,y
determined,245,y
returned,245,y
married,244,y
object,244,y
manners,243,y
power,242,y
bertram,240,y
ladies,240,y
spoke,240,y
understand,240,y
mary,239,y
walked,239,y
dashwood,238,y
called,237,y
body,236,y
children,235,y
ready,234,y
impossible,232,y
regard,232,y
bath,231,y
head,231,y
dare,229,y
fine,228,y
voice,228,y
read,227,y
care,226,y
country,225,y
nature,223,y
sense,223,y
sisters,223,y
fortune,222,y
words,221,y
settled,220,y
expected,218,y
marry,216,y
afraid,214,y
change,213,y
son,213,y
fairfax,211,y
assure,210,y
frank,210,y
matter,210,y
TRUE,209,y
appeared,208,y
kindness,208,y
satisfied,208,y
engaged,206,y
jennings,206,y
met,206,y
night,206,y
uncle,205,y
william,205,y
talking,204,y
stay,203,y
equal,202,y
attachment,201,y
directly,201,y
giving,201,y
real,201,y
dinner,200,y
thinking,200,y
charles,199,y
hours,199,y
behaviour,198,y
husband,198,y
appearance,197,y
tilney,196,y
believed,195,y
entered,195,y
pleased,195,y
scarcely,195,y
churchill,193,y
street,193,y
handsome,191,y
wentworth,191,y
company,190,y
usual,189,y
convinced,188,y
natural,188,y
isabella,187,y
sat,187,y
imagine,185,y
mansfield,185,y
norris,185,y
rushworth,185,y
willoughby,185,y
cousin,183,y
engagement,183,y
week,183,y
bad,182,y
degree,182,y
farther,182,y
forward,182,y
bear,181,y
speaking,181,y
strong,181,y
call,179,y
conduct,179,y
common,178,y
air,177,y
consequence,177,y
occasion,177,y
table,177,y
smile,175,y
ten,175,y
hoped,174,y
respect,173,y
anxious,171,y
question,171,y
surprise,167,y
advantage,166,y
drawing,166,y
gentleman,166,y
remember,166,y
round,166,y
society,166,y
circumstances,165,y
amiable,164,y
child,164,y
taste,164,y
write,164,y
father's,163,y
smith,163,y
truth,163,y
notice,162,y
supposed,162,y
wickham,162,y
lucy,161,y
taking,161,y
meet,160,y
expect,159,y
hartfield,159,y
months,159,y
beauty,158,y
collins,157,y
meant,157,y
spite,157,y
susan,157,y
knowledge,156,y
meeting,156,y
satisfaction,156,y
sitting,156,y
instantly,155,y
park,155,y
countenance,154,y
pain,154,y
hearing,153,y
cold,152,y
_that_,151,y
maria,150,y
walking,150,y
wishes,150,y
honour,149,y
temper,149,y
worth,149,y
silence,148,y
acquainted,147,y
allowed,147,y
pleasant,147,y
equally,146,y
proper,146,y
beginning,145,y
eye,145,y
fancy,145,y
curiosity,143,y
delighted,143,y
delightful,143,y
extremely,143,y
grant,143,y
answered,142,y
bring,142,y
girls,142,y
sister's,142,y
ago,141,y
considered,141,y
fond,141,y
wrong,141,y
daughters,140,y
easy,140,y
play,140,y
sight,140,y
late,139,y
opportunity,139,y
health,138,y
mother's,138,y
twenty,138,y
worse,138,y
aware,137,y
evil,137,y
thousand,137,y
arrival,136,y
creature,136,y
dance,136,y
difference,136,y
sit,136,y
comfortable,135,y
disposition,135,y
letters,135,y
living,135,y
silent,135,y
admiration,134,y
distress,134,y
james,134,y
spent,134,y
lydia,133,y
sake,133,y
view,133,y
morrow,132,y
resolved,132,y
excellent,131,y
praise,131,y
circumstance,130,y
money,130,y
past,130,y
remained,130,y
times,130,y
influence,129,y
plan,129,y
weeks,129,y
danger,128,y
loved,128,y
superior,128,y
fair,127,y
observed,127,y
bates,126,y
favour,126,y
invitation,126,y
knowing,126,y
lost,126,y
meaning,126,y
mentioned,126,y
musgrove,126,y
thorpe,126,y
understanding,126,y
ball,125,y
fixed,125,y
highbury,125,y
live,125,y
louisa,125,y
match,125,y
morland,125,y
happened,124,y
persuaded,124,y
purpose,124,y
regret,124,y
walter,124,y
judgment,123,y
pride,123,y
surprised,123,y
companion,122,y
leaving,122,y
absence,121,y
delight,121,y
easily,121,y
ferrars,121,y
hopes,121,y
julia,121,y
spoken,121,y
brandon,120,y
journey,120,y
mistaken,120,y
_you_,119,y
attentions,119,y
breakfast,118,y
duty,118,y
effect,118,y
russell,118,y
assured,117,y
charlotte,117,y
gratitude,117,y
ma'am,117,y
trouble,117,y
allen,116,y
concern,116,y
event,116,y
information,116,y
_her_,115,y
arrived,115,y
fanny's,115,y
highly,115,y
inclination,115,y
news,115,y
perfect,115,y
vain,115,y
charming,114,y
cottage,114,y
desire,114,y
future,114,y
lived,114,y
offer,114,y
price,114,y
age,113,y
dearest,113,y
friendship,113,y
resolution,113,y
spirit,113,y
women,113,y
chance,112,y
crawford's,112,y
fear,112,y
finding,112,y
forget,112,y
struck,112,y
disposed,111,y
pray,111,y
disappointment,110,y
favourite,110,y
hands,110,y
weather,110,y
written,110,y
enjoyment,109,y
loss,109,y
mine,109,y
share,109,y
style,109,y
led,108,y
quiet,108,y
reached,108,y
repeated,108,y
tone,108,y
ease,107,y
prevent,107,y
absolutely,106,y
ashamed,106,y
conviction,106,y
credit,106,y
length,106,y
project,106,y
decided,105,y
depend,105,y
importance,105,y
affectionate,104,y
angry,104,y
cousins,104,y
eager,104,y
marrying,104,y
vernon,104,y
confidence,103,y
dancing,103,y
distance,103,y
exceedingly,103,y
listened,103,y
mention,103,y
pity,103,y
unhappy,103,y
act,102,y
anxiety,102,y
difficulty,102,y
humour,102,y
law,102,y
light,102,y
scheme,102,y
ah,101,y
excuse,101,y
forced,101,y
miles,101,y
pass,101,y
pleasing,101,y
sweet,101,y
tea,101,y
terms,101,y
understood,101,y
warm,101,y
writing,101,y
alarm,100,y
consideration,100,y
low,100,y
receive,100,y
reply,100,y
window,100,y
altogether,99,y
eldest,99,y
gentlemen,99,y
joined,99,y
justice,99,y
promised,99,y
wait,99,y
avoid,98,y
waiting,98,y
wishing,98,y
agitation,97,y
attached,97,y
attended,97,y
compliment,97,y
neighbourhood,97,y
promise,97,y
yesterday,97,y
attempt,96,y
civility,96,y
de,96,y
formed,96,y
send,96,y
death,95,y
intended,95,y
lizzy,95,y
misery,95,y
occurred,95,y
pounds,95,y
lord,94,y
astonishment,93,y
join,93,y
admiral,92,y
begin,92,y
close,92,y
expressed,92,y
gutenberg,92,y
agreed,91,y
due,91,y
expectation,91,y
harriet's,91,y
note,91,y
_she_,90,y
barton,90,y
choice,90,y
particulars,90,y
produced,90,y
randalls,90,y
support,90,y
form,89,y
fortnight,89,y
pause,89,y
proof,89,y
reading,89,y
returning,89,y
sudden,89,y
brother's,88,y
judge,88,y
longbourn,88,y
middleton,88,y
niece,88,y
prevented,88,y
quick,88,y
beautiful,87,y
bed,87,y
caught,87,y
dreadful,87,y
joy,87,y
speech,87,y
horses,86,y
indifference,86,y
pay,86,y
servant,86,y
strange,86,y
capable,85,y
greatly,85,y
martin,85,y
necessity,85,y
parsonage,85,y
remain,85,y
vanity,85,y
address,84,y
cheerful,84,y
command,84,y
express,84,y
extraordinary,84,y
gardiner,84,y
income,84,y
listen,84,y
lively,84,y
period,84,y
proved,84,y
public,84,y
quarter,84,y
suffered,84,y
consciousness,83,y
henrietta,83,y
intimacy,83,y
moments,83,y
parties,83,y
persuade,83,y
plain,83,y
smiling,83,y
stand,83,y
advice,82,y
book,82,y
folly,82,y
observation,82,y
tears,82,y
tom,82,y
trust,82,y
wrote,82,y
acknowledged,81,y
education,81,y
elegant,81,y
fears,81,y
receiving,81,y
amusement,80,y
disappointed,80,y
fire,80,y
hall,80,y
hundred,80,y
safe,80,y
spend,80,y
calling,79,y
delay,79,y
emma's,79,y
horse,79,y
paid,79,y
reflection,79,y
required,79,y
staying,79,y
affair,78,y
concerned,78,y
explanation,78,y
expression,78,y
hurry,78,y
intelligence,78,y
makes,78,y
respectable,78,y
rich,78,y
secret,78,y
secure,78,y
service,78,y
complete,77,y
completely,77,y
consent,77,y
considerable,77,y
declared,77,y
dislike,77,y
estate,77,y
melancholy,77,y
nay,77,y
standing,77,y
stood,77,y
uppercross,77,y
constant,76,y
delicacy,76,y
dr,76,y
encouragement,76,y
fellow,76,y
leisure,76,y
naturally,76,y
observe,76,y
picture,76,y
suffering,76,y
catherine's,75,y
difficulties,75,y
forgotten,75,y
hint,75,y
increased,75,y
indifferent,75,y
odd,75,y
painful,75,y
reasonable,75,y
wholly,75,y
abbey,74,y
england,74,y
marianne's,74,y
objection,74,y
passing,74,y
perry,74,y
private,74,y
reginald,74,y
seat,74,y
sooner,74,y
affected,73,y
civil,73,y
gentle,73,y
introduced,73,y
kellynch,73,y
lose,73,y
madam,73,y
music,73,y
netherfield,73,y
claims,72,y
frederica,72,y
ideas,72,y
kitty,72,y
minute,72,y
prepared,72,y
removed,72,y
road,72,y
suspicion,72,y
tired,72,y
views,72,y
acting,71,y
clever,71,y
dine,71,y
dress,71,y
drew,71,y
invited,71,y
prospect,71,y
servants,71,y
winter,71,y
accept,70,y
confess,70,y
exclaimed,70,y
ground,70,y
scene,70,y
single,70,y
sound,70,y
thrown,70,y
astonished,69,y
books,69,y
disagreeable,69,y
elegance,69,y
hard,69,y
ladyship,69,y
opinions,69,y
proceeded,69,y
slight,69,y
smiled,69,y
story,69,y
summer,69,y
tenderness,69,y
admire,68,y
attend,68,y
beg,68,y
contrary,68,y
eagerly,68,y
eleanor,68,y
endeavour,68,y
favourable,68,y
fresh,68,y
grateful,68,y
run,68,y
tender,68,y
warmth,68,y
attending,67,y
begun,67,y
couple,67,y
earnest,67,y
elton's,67,y
evident,67,y
fault,67,y
felicity,67,y
happen,67,y
learn,67,y
liberty,67,y
lyme,67,y
matters,67,y
palmer,67,y
partner,67,y
recollection,67,y
solicitude,67,y
suffer,67,y
supposing,67,y
totally,67,y
arm,66,y
benwick,66,y
confusion,66,y
drive,66,y
history,66,y
laughed,66,y
likewise,66,y
merit,66,y
moment's,66,y
obliging,66,y
possibility,66,y
relations,66,y
stopped,66,y
strength,66,y
youth,66,y
declare,65,y
desirable,65,y
exercise,65,y
intimate,65,y
lucas,65,y
miserable,65,y
parlour,65,y
relief,65,y
robert,65,y
warmly,65,y
accepted,64,y
charge,64,y
connection,64,y
doors,64,y
feared,64,y
gained,64,y
habit,64,y
hold,64,y
laugh,64,y
peace,64,y
properly,64,y
simple,64,y
succeeded,64,y
success,64,y
suddenly,64,y
compassion,63,y
harville,63,y
line,63,y
rate,63,y
reproach,63,y
sad,63,y
sentiments,63,y
united,63,y
approbation,62,y
assistance,62,y
deserve,62,y
earnestly,62,y
elinor's,62,y
fit,62,y
guess,62,y
improvement,62,y
language,62,y
observing,62,y
rain,62,y
ran,62,y
resentment,62,y
acknowledge,61,y
admitted,61,y
bringing,61,y
comparison,61,y
composure,61,y
consolation,61,y
dining,61,y
follow,61,y
fortunate,61,y
imagination,61,y
inquiry,61,y
motive,61,y
suspect,61,y
unpleasant,61,y
afford,60,y
agree,60,y
compliments,60,y
comprehend,60,y
drawn,60,y
entrance,60,y
escape,60,y
hill,60,y
indulgence,60,y
informed,60,y
mere,60,y
mistress,60,y
offered,60,y
profession,60,y
satisfy,60,y
severe,60,y
suspected,60,y
telling,60,y
tolerably,60,y
unfortunate,60,y
utmost,60,y
claim,59,y
connected,59,y
enter,59,y
garden,59,y
glance,59,y
impatient,59,y
increase,59,y
laughing,59,y
listening,59,y
piece,59,y
principal,59,y
probability,59,y
propriety,59,y
subjects,59,y
admired,58,y
clay,58,y
dared,58,y
exertion,58,y
frequently,58,y
grave,58,y
grew,58,y
lines,58,y
nice,58,y
overcome,58,y
post,58,y
proud,58,y
recollect,58,y
recommend,58,y
removal,58,y
sufficient,58,y
suit,58,y
wretched,58,y
yates,58,y
assist,57,y
carried,57,y
enjoy,57,y
imagined,57,y
master,57,y
material,57,y
meryton,57,y
mistake,57,y
nonsense,57,y
possibly,57,y
property,57,y
assurance,56,y
chair,56,y
circle,56,y
closed,56,y
expense,56,y
hair,56,y
inclined,56,y
intention,56,y
one's,56,y
politeness,56,y
questions,56,y
raised,56,y
seated,56,y
soul,56,y
add,55,y
emotion,55,y
finished,55,y
frequent,55,y
lay,55,y
norland,55,y
proposed,55,y
prove,55,y
sensibility,55,y
shew,55,y
sigh,55,y
spare,55,y
step,55,y
tolerable,55,y
addition,54,y
blush,54,y
burst,54,y
deep,54,y
description,54,y
employment,54,y
figure,54,y
friendly,54,y
growing,54,y
human,54,y
inquiries,54,y
noble,54,y
pardon,54,y
perceived,54,y
readily,54,y
refuse,54,y
remaining,54,y
sotherton,54,y
spring,54,y
steady,54,y
unable,54,y
card,53,y
communication,53,y
complexion,53,y
courage,53,y
edward's,53,y
fell,53,y
gratified,53,y
inconvenience,53,y
laura,53,y
occupied,53,y
pemberley,53,y
reach,53,y
seldom,53,y
sensations,53,y
settle,53,y
smiles,53,y
stop,53,y
unwilling,53,y
village,53,y
1,52,y
admit,52,y
affections,52,y
anne's,52,y
arrangement,52,y
blame,52,y
cheerfulness,52,y
chief,52,y
church,52,y
distressed,52,y
domestic,52,y
eagerness,52,y
excessively,52,y
fall,52,y
hurried,52,y
inferior,52,y
interrupted,52,y
month,52,y
move,52,y
patience,52,y
powers,52,y
related,52,y
request,52,y
sea,52,y
shame,52,y
undoubtedly,52,y
absent,51,y
chose,51,y
courcy,51,y
cut,51,y
deceived,51,y
died,51,y
evidently,51,y
happily,51,y
heavy,51,y
improved,51,y
infinitely,51,y
learnt,51,y
perceive,51,y
pleasures,51,y
possession,51,y
presence,51,y
report,51,y
shut,51,y
weston's,51,y
agitated,50,n
altered,50,n
anger,50,n
boy,50,n
busy,50,n
ceased,50,n
concluded,50,n
design,50,n
desired,50,n
direction,50,n
expressions,50,n
fancied,50,n
happier,50,n
heartily,50,n
moved,50,n
o'clock,50,n
papa,50,n
personal,50,n
probable,50,n
quitted,50,n
rational,50,n
remembrance,50,n
sincerely,50,n
tho,50,n
beloved,49,n
bingley's,49,n
box,49,n
chosen,49,n
cole,49,n
convince,49,n
dignity,49,n
donwell,49,n
families,49,n
faults,49,n
habits,49,n
hastily,49,n
impression,49,n
increasing,49,n
intercourse,49,n
kindly,49,n
lovely,49,n
luck,49,n
paper,49,n
quietly,49,n
recovered,49,n
rosings,49,n
sophia,49,n
supply,49,n
violent,49,n
worst,49,n
_me_,48,n
_not_,48,n
calm,48,n
campbell,48,n
conscience,48,n
gown,48,n
grown,48,n
harm,48,n
ignorant,48,n
illness,48,n
instant,48,n
instrument,48,n
judged,48,n
pains,48,n
passage,48,n
portsmouth,48,n
proceed,48,n
school,48,n
spared,48,n
spot,48,n
wonderful,48,n
addressed,47,n
broken,47,n
daughter's,47,n
determine,47,n
eat,47,n
edmund's,47,n
elizabeth's,47,n
engage,47,n
entreat,47,n
esteem,47,n
grounds,47,n
introduction,47,n
jane's,47,n
persuasion,47,n
presently,47,n
rising,47,n
selfish,47,n
separation,47,n
visitor,47,n
applied,46,n
blessing,46,n
chiefly,46,n
choose,46,n
churchhill,46,n
colour,46,n
conclusion,46,n
connexion,46,n
conscious,46,n
conveyed,46,n
deserved,46,n
engagements,46,n
force,46,n
frightened,46,n
furniture,46,n
independence,46,n
margaret,46,n
mutual,46,n
pressed,46,n
provided,46,n
reflections,46,n
regular,46,n
result,46,n
safely,46,n
sending,46,n
sentiment,46,n
sex,46,n
shortly,46,n
stairs,46,n
treated,46,n
uncle's,46,n
waited,46,n
watch,46,n
aye,45,n
borne,45,n
catch,45,n
caution,45,n
croft,45,n
deeply,45,n
delicate,45,n
distant,45,n
dread,45,n
embarrassment,45,n
entering,45,n
established,45,n
events,45,n
expecting,45,n
fast,45,n
features,45,n
forgive,45,n
free,45,n
friend's,45,n
gradually,45,n
held,45,n
housekeeper,45,n
ignorance,45,n
intentions,45,n
lead,45,n
memory,45,n
mile,45,n
neighbours,45,n
office,45,n
prevailed,45,n
progress,45,n
quit,45,n
sick,45,n
trifling,45,n
uneasy,45,n
variety,45,n
vexation,45,n
watched,45,n
watching,45,n
wedding,45,n
_him_,44,n
behaved,44,n
chuse,44,n
darcy's,44,n
difficult,44,n
direct,44,n
directed,44,n
distressing,44,n
employed,44,n
happiest,44,n
impatience,44,n
lucky,44,n
measure,44,n
message,44,n
natured,44,n
noise,44,n
offended,44,n
proposal,44,n
sincere,44,n
uneasiness,44,n
unnecessary,44,n
advise,43,n
alas,43,n
attentive,43,n
boys,43,n
carry,43,n
concerns,43,n
drove,43,n
fate,43,n
god,43,n
goodness,43,n
grove,43,n
hearted,43,n
heaven,43,n
humble,43,n
illustration,43,n
laid,43,n
middle,43,n
nephew,43,n
opposition,43,n
raise,43,n
rank,43,n
relation,43,n
remarkably,43,n
reserve,43,n
size,43,n
softened,43,n
sought,43,n
stronger,43,n
taught,43,n
theatre,43,n
white,43,n
worthy,43,n
_his_,42,n
_i_,42,n
active,42,n
amused,42,n
arranged,42,n
chaise,42,n
changed,42,n
clergyman,42,n
confined,42,n
daily,42,n
depended,42,n
draw,42,n
excited,42,n
hurt,42,n
instance,42,n
interference,42,n
lips,42,n
musgroves,42,n
putting,42,n
secured,42,n
sentence,42,n
strongly,42,n
taylor,42,n
thomas's,42,n
trusted,42,n
tuesday,42,n
uncomfortable,42,n
visits,42,n
whisper,42,n
wit,42,n
_he_,41,n
alteration,41,n
approach,41,n
authority,41,n
believing,41,n
bow,41,n
companions,41,n
conceal,41,n
cruel,41,n
dependence,41,n
discourse,41,n
endeavoured,41,n
forgot,41,n
gay,41,n
hate,41,n
hertfordshire,41,n
keeping,41,n
maid,41,n
man's,41,n
moving,41,n
objects,41,n
opposite,41,n
partial,41,n
partiality,41,n
persons,41,n
preference,41,n
sacrifice,41,n
tall,41,n
thirty,41,n
twelve,41,n
venture,41,n
belief,40,n
christmas,40,n
comforts,40,n
continue,40,n
cross,40,n
divided,40,n
explained,40,n
foolish,40,n
freind,40,n
indignation,40,n
lover,40,n
neglect,40,n
pianoforte,40,n
preparing,40,n
produce,40,n
rose,40,n
setting,40,n
striking,40,n
surprize,40,n
triumph,40,n
vexed,40,n
arise,39,n
calmness,39,n
cares,39,n
certainty,39,n
characters,39,n
dark,39,n
departure,39,n
dressing,39,n
encouraged,39,n
henry's,39,n
horror,39,n
humoured,39,n
inn,39,n
lesley,39,n
marked,39,n
missed,39,n
northanger,39,n
notion,39,n
occur,39,n
pretend,39,n
remembered,39,n
ride,39,n
saturday,39,n
shewed,39,n
sunk,39,n
tranquillity,39,n
valuable,39,n
visitors,39,n
wild,39,n
addressing,38,n
afforded,38,n
aloud,38,n
born,38,n
charm,38,n
dashwoods,38,n
distinguished,38,n
dixon,38,n
dressed,38,n
effort,38,n
endure,38,n
explain,38,n
fearful,38,n
fifty,38,n
fix,38,n
forster,38,n
foundation,38,n
frederick,38,n
honourable,38,n
idle,38,n
independent,38,n
induced,38,n
isabella's,38,n
longed,38,n
lydia's,38,n
officers,38,n
parish,38,n
peculiar,38,n
recollected,38,n
recommended,38,n
resemblance,38,n
residence,38,n
shocked,38,n
silly,38,n
steele,38,n
stupid,38,n
surely,38,n
suspense,38,n
throw,38,n
windows,38,n
abilities,37,n
accomplished,37,n
apology,37,n
arose,37,n
austen,37,n
awkward,37,n
bye,37,n
ceremony,37,n
continual,37,n
decidedly,37,n
distinction,37,n
dull,37,n
excepting,37,n
forty,37,n
generous,37,n
gentleman's,37,n
hayter,37,n
hints,37,n
hot,37,n
injured,37,n
jennings's,37,n
merits,37,n
monday,37,n
nearer,37,n
occasionally,37,n
offence,37,n
parents,37,n
paying,37,n
principle,37,n
rendered,37,n
steps,37,n
supper,37,n
supported,37,n
wind,37,n
wondered,37,n
abroad,36,n
advantages,36,n
apartment,36,n
appearing,36,n
begged,36,n
bourgh,36,n
discovery,36,n
doubts,36,n
earlier,36,n
east,36,n
enscombe,36,n
escaped,36,n
falling,36,n
forming,36,n
grieved,36,n
houses,36,n
introduce,36,n
jealousy,36,n
johnson,36,n
justified,36,n
leading,36,n
library,36,n
mainwaring,36,n
mamma,36,n
notions,36,n
perceiving,36,n
quitting,36,n
refused,36,n
relate,36,n
running,36,n
submit,36,n
sunday,36,n
surprized,36,n
trifle,36,n
unexpected,36,n
willoughby's,36,n
woodhouse's,36,n
_my_,35,n
affairs,35,n
animation,35,n
approaching,35,n
bertrams,35,n
brothers,35,n
bustle,35,n
cared,35,n
carriages,35,n
compared,35,n
continually,35,n
dances,35,n
disgrace,35,n
elliot's,35,n
encouraging,35,n
expectations,35,n
gallantry,35,n
george,35,n
haste,35,n
hitherto,35,n
mortification,35,n
objections,35,n
plans,35,n
rejoice,35,n
restored,35,n
roused,35,n
shocking,35,n
shook,35,n
tomorrow,35,n
upstairs,35,n
amazement,34,n
attempted,34,n
bore,34,n
cards,34,n
convenience,34,n
crown,34,n
cure,34,n
danced,34,n
dead,34,n
displeasure,34,n
doubted,34,n
elder,34,n
endeavouring,34,n
engaging,34,n
evils,34,n
existence,34,n
fallen,34,n
fashion,34,n
flatter,34,n
goddard's,34,n
honoured,34,n
imprudent,34,n
judging,34,n
justify,34,n
motives,34,n
openly,34,n
prefer,34,n
source,34,n
superiority,34,n
thanked,34,n
thankful,34,n
twelvemonth,34,n
unlike,34,n
unworthy,34,n
visited,34,n
_your_,33,n
accepting,33,n
affliction,33,n
alike,33,n
appears,33,n
application,33,n
apprehension,33,n
aunt's,33,n
belong,33,n
bestowed,33,n
buildings,33,n
censure,33,n
cleveland,33,n
collected,33,n
contempt,33,n
day's,33,n
decision,33,n
deny,33,n
discussion,33,n
extreme,33,n
female,33,n
game,33,n
hurst,33,n
imprudence,33,n
invite,33,n
knightley's,33,n
lives,33,n
misfortune,33,n
oxford,33,n
passion,33,n
restraint,33,n
rushworth's,33,n
safety,33,n
scenes,33,n
season,33,n
seek,33,n
shewn,33,n
shop,33,n
sufficiently,33,n
syllable,33,n
takes,33,n
urged,33,n
wallis,33,n
water,33,n
wealth,33,n
widow,33,n
advanced,32,n
agreement,32,n
alarmed,32,n
allowing,32,n
approve,32,n
assurances,32,n
body's,32,n
break,32,n
brighton,32,n
civilities,32,n
connections,32,n
corner,32,n
cost,32,n
desirous,32,n
doubtful,32,n
establishment,32,n
excite,32,n
extent,32,n
fail,32,n
fancying,32,n
fetch,32,n
fitzwilliam,32,n
green,32,n
inquire,32,n
lane,32,n
lower,32,n
matrimony,32,n
november,32,n
obligation,32,n
peculiarly,32,n
performance,32,n
played,32,n
prepare,32,n
previously,32,n
relieved,32,n
remarkable,32,n
risk,32,n
schemes,32,n
solitude,32,n
sorrow,32,n
spending,32,n
suspicions,32,n
thither,32,n
wednesday,32,n
wickham's,32,n
woman's,32,n
worn,32,n
apparent,31,n
approached,31,n
bertram's,31,n
blushed,31,n
castle,31,n
coach,31,n
connexions,31,n
contented,31,n
continuing,31,n
court,31,n
dangerous,31,n
declined,31,n
delaford,31,n
describe,31,n
discovered,31,n
displeased,31,n
eliza,31,n
fairfax's,31,n
fairly,31,n
fitted,31,n
fortitude,31,n
gaiety,31,n
honest,31,n
justly,31,n
liberal,31,n
loves,31,n
maple,31,n
names,31,n
playing,31,n
positive,31,n
preferred,31,n
remains,31,n
ridiculous,31,n
save,31,n
scruple,31,n
secrecy,31,n
stranger,31,n
sweetness,31,n
touch,31,n
unwelcome,31,n
valued,31,n
ventured,31,n
william's,31,n
wretchedness,31,n
_now_,30,n
alarming,30,n
balls,30,n
betsey,30,n
black,30,n
carrying,30,n
churchill's,30,n
collection,30,n
despair,30,n
discretion,30,n
driven,30,n
driving,30,n
duties,30,n
entreaty,30,n
expressing,30,n
FALSE,30,n
husband's,30,n
insensible,30,n
jealous,30,n
lady's,30,n
nerves,30,n
plainly,30,n
pleasantly,30,n
previous,30,n
principles,30,n
quickly,30,n
resolve,30,n
respects,30,n
russell's,30,n
sanguine,30,n
satisfactory,30,n
saved,30,n
scruples,30,n
solemn,30,n
spread,30,n
steeles,30,n
sufferings,30,n
suggested,30,n
tempted,30,n
treatment,30,n
uncertain,30,n
unreasonable,30,n
voluntarily,30,n
absolute,29,n
acceptable,29,n
action,29,n
animated,29,n
attach,29,n
autumn,29,n
bennet's,29,n
bestow,29,n
blind,29,n
bred,29,n
broke,29,n
camden,29,n
charms,29,n
clothes,29,n
concealed,29,n
conjecture,29,n
devoted,29,n
dined,29,n
discover,29,n
encourage,29,n
error,29,n
fifteen,29,n
forbearance,29,n
gain,29,n
gate,29,n
glow,29,n
gratifying,29,n
grief,29,n
impertinent,29,n
king,29,n
larger,29,n
lodgings,29,n
matilda,29,n
mortified,29,n
professions,29,n
reception,29,n
recommendation,29,n
remark,29,n
renewed,29,n
require,29,n
resist,29,n
rid,29,n
seeking,29,n
selfishness,29,n
shake,29,n
sink,29,n
sixteen,29,n
sleep,29,n
smart,29,n
sofa,29,n
speeches,29,n
stage,29,n
total,29,n
travelling,29,n
unknown,29,n
weight,29,n
wise,29,n
_one_,28,n
acted,28,n
arms,28,n
attack,28,n
augusta,28,n
benefit,28,n
bless,28,n
building,28,n
careless,28,n
cheeks,28,n
composed,28,n
condition,28,n
creatures,28,n
die,28,n
envy,28,n
exquisite,28,n
failed,28,n
flattered,28,n
fullerton,28,n
hasty,28,n
hearts,28,n
hoping,28,n
inform,28,n
inquired,28,n
liking,28,n
nurse,28,n
oblige,28,n
occasioned,28,n
press,28,n
quarrel,28,n
recover,28,n
repeatedly,28,n
scotland,28,n
separate,28,n
shrubbery,28,n
signify,28,n
sincerity,28,n
staid,28,n
started,28,n
trees,28,n
union,28,n
urge,28,n
volume,28,n
weak,28,n
wear,28,n
_did_,27,n
accident,27,n
accounts,27,n
actions,27,n
amuse,27,n
belonging,27,n
birth,27,n
consult,27,n
convenient,27,n
cool,27,n
correspondence,27,n
declaration,27,n
denied,27,n
devonshire,27,n
earliest,27,n
effects,27,n
electronic,27,n
entertained,27,n
fatigue,27,n
flattering,27,n
forgiven,27,n
gentleness,27,n
grace,27,n
grand,27,n
grandeur,27,n
grow,27,n
guided,27,n
interval,27,n
involved,27,n
likeness,27,n
likes,27,n
mama,27,n
midst,27,n
modest,27,n
neighbour,27,n
nervous,27,n
pen,27,n
precious,27,n
preparation,27,n
pressing,27,n
promising,27,n
reserved,27,n
reward,27,n
shepherd,27,n
shock,27,n
situations,27,n
song,27,n
speaks,27,n
suited,27,n
unlucky,27,n
visiting,27,n
walls,27,n
wentworth's,27,n
wondering,27,n
accompanied,26,n
accompany,26,n
assisted,26,n
attraction,26,n
board,26,n
campbells,26,n
catching,26,n
chamber,26,n
commission,26,n
communicated,26,n
conceive,26,n
concert,26,n
congratulations,26,n
crowd,26,n
dalrymple,26,n
distinguish,26,n
drink,26,n
enjoyed,26,n
feels,26,n
finally,26,n
finest,26,n
finish,26,n
foreseen,26,n
gratification,26,n
intelligible,26,n
lessen,26,n
lock,26,n
loud,26,n
lovers,26,n
lucy's,26,n
minds,26,n
obtained,26,n
owed,26,n
phillips,26,n
pronounced,26,n
pump,26,n
recollecting,26,n
rejoiced,26,n
remarks,26,n
representation,26,n
rise,26,n
submitted,26,n
succeed,26,n
talents,26,n
threw,26,n
trial,26,n
unjust,26,n
upper,26,n
walks,26,n
witness,26,n
wood,26,n
_will_,25,n
amends,25,n
amusing,25,n
attendance,25,n
belonged,25,n
brandon's,25,n
buy,25,n
calmly,25,n
coloured,25,n
comfortably,25,n
commendation,25,n
communicate,25,n
congratulate,25,n
constantly,25,n
contents,25,n
cordiality,25,n
cousin's,25,n
decide,25,n
derbyshire,25,n
dreadfully,25,n
earnestness,25,n
eligible,25,n
entreaties,25,n
experience,25,n
flow,25,n
front,25,n
goddard,25,n
governess,25,n
height,25,n
hunsford,25,n
incapable,25,n
indulged,25,n
interruption,25,n
learned,25,n
misfortunes,25,n
modern,25,n
momentary,25,n
mortifying,25,n
necklace,25,n
offering,25,n
paused,25,n
principally,25,n
proceeding,25,n
prudence,25,n
raptures,25,n
recent,25,n
recovering,25,n
remove,25,n
repeat,25,n
security,25,n
senses,25,n
space,25,n
start,25,n
talent,25,n
teach,25,n
tempered,25,n
tilney's,25,n
unequal,25,n
wine,25,n
wound,25,n
afternoon,24,n
alive,24,n
allen's,24,n
announced,24,n
avoided,24,n
boast,24,n
breeding,24,n
cease,24,n
check,24,n
collins's,24,n
concealment,24,n
contrast,24,n
convey,24,n
crofts,24,n
cruelty,24,n
deficient,24,n
deserving,24,n
dirty,24,n
disinterested,24,n
display,24,n
english,24,n
experienced,24,n
exposed,24,n
fixing,24,n
gallery,24,n
general's,24,n
gentlemanlike,24,n
guilt,24,n
hesitation,24,n
horrid,24,n
improper,24,n
improvements,24,n
injury,24,n
intervals,24,n
modesty,24,n
newspaper,24,n
norris's,24,n
novelty,24,n
observations,24,n
oppose,24,n
portion,24,n
possessed,24,n
promote,24,n
prudent,24,n
purchase,24,n
pursuit,24,n
reasons,24,n
reflect,24,n
relationship,24,n
ruin,24,n
rule,24,n
sensation,24,n
similar,24,n
slowly,24,n
smith's,24,n
solitary,24,n
sounds,24,n
speedily,24,n
staircase,24,n
struggle,24,n
sun,24,n
temptation,24,n
weakness,24,n
_them_,23,n
actual,23,n
alliance,23,n
anxiously,23,n
apparently,23,n
augustus,23,n
barouche,23,n
behave,23,n
beheld,23,n
blessed,23,n
careful,23,n
confirmed,23,n
deceive,23,n
deeper,23,n
entertain,23,n
errand,23,n
essential,23,n
extensive,23,n
filled,23,n
fool,23,n
foot,23,n
guest,23,n
hastened,23,n
heir,23,n
hopeless,23,n
hour's,23,n
impropriety,23,n
improve,23,n
intending,23,n
joke,23,n
lament,23,n
learning,23,n
longing,23,n
manage,23,n
materially,23,n
method,23,n
morland's,23,n
narrow,23,n
necessarily,23,n
occasional,23,n
occasions,23,n
offices,23,n
pace,23,n
performed,23,n
permission,23,n
polite,23,n
precisely,23,n
proposals,23,n
punishment,23,n
qualities,23,n
recovery,23,n
refusal,23,n
regarded,23,n
regiment,23,n
rights,23,n
simplicity,23,n
south,23,n
square,23,n
st,23,n
strike,23,n
suggest,23,n
supplied,23,n
surrounded,23,n
susan's,23,n
tendency,23,n
throwing,23,n
thursday,23,n
touched,23,n
unaffected,23,n
unkind,23,n
_was_,22,n
abode,22,n
accomplishments,22,n
adding,22,n
affectionately,22,n
alacrity,22,n
attempting,22,n
ay,22,n
bates's,22,n
betrayed,22,n
bid,22,n
bride,22,n
bristol,22,n
built,22,n
calculated,22,n
checked,22,n
cleared,22,n
compare,22,n
conclude,22,n
considerably,22,n
constancy,22,n
contained,22,n
continuance,22,n
cordial,22,n
county,22,n
delayed,22,n
denial,22,n
destroyed,22,n
dozen,22,n
dreaded,22,n
dwelling,22,n
ear,22,n
eating,22,n
eltons,22,n
embarrassed,22,n
employ,22,n
examination,22,n
excellence,22,n
excessive,22,n
expenses,22,n
february,22,n
genius,22,n
gravely,22,n
guessed,22,n
heightened,22,n
included,22,n
induce,22,n
lasting,22,n
leaves,22,n
mark,22,n
measures,22,n
mentioning,22,n
mixture,22,n
musical,22,n
neglected,22,n
pale,22,n
path,22,n
perseverance,22,n
positively,22,n
poverty,22,n
procured,22,n
propose,22,n
prospects,22,n
provide,22,n
rapid,22,n
reconciled,22,n
refusing,22,n
regretted,22,n
resolving,22,n
riding,22,n
september,22,n
slightest,22,n
sons,22,n
stopping,22,n
succeeding,22,n
tete,22,n
thornton,22,n
uncommon,22,n
virtue,22,n
wet,22,n
_we_,21,n
accidentally,21,n
acquit,21,n
addresses,21,n
adieu,21,n
agony,21,n
amazingly,21,n
announce,21,n
apply,21,n
apt,21,n
arrangements,21,n
article,21,n
beauties,21,n
bell,21,n
bent,21,n
blood,21,n
bought,21,n
bright,21,n
charade,21,n
charlotte's,21,n
complacency,21,n
complaisance,21,n
comprehension,21,n
contrived,21,n
curricle,21,n
dashwood's,21,n
decent,21,n
disapprobation,21,n
disengaged,21,n
dwell,21,n
dwelt,21,n
eighteen,21,n
engrossed,21,n
entitled,21,n
evenings,21,n
exert,21,n
fever,21,n
formal,21,n
gladly,21,n
guarded,21,n
guilty,21,n
harp,21,n
hung,21,n
hurrying,21,n
indulge,21,n
injustice,21,n
irritation,21,n
judgement,21,n
key,21,n
ladyship's,21,n
leaning,21,n
mild,21,n
mischief,21,n
motion,21,n
nearest,21,n
owe,21,n
pair,21,n
pitied,21,n
pretence,21,n
professed,21,n
protested,21,n
readiness,21,n
regrets,21,n
relative,21,n
removing,21,n
repeating,21,n
reverse,21,n
shown,21,n
sing,21,n
slighted,21,n
soft,21,n
strongest,21,n
study,21,n
sum,21,n
sweetest,21,n
sympathy,21,n
symptoms,21,n
talks,21,n
tells,21,n
tempt,21,n
terror,21,n
thorpe's,21,n
thoughtful,21,n
throat,21,n
travelled,21,n
utter,21,n
vast,21,n
welcomed,21,n
welfare,21,n
weymouth,21,n
whispered,21,n
wife's,21,n
woodston,21,n
wore,21,n
yard,21,n
_very_,20,n
absurd,20,n
acquiescence,20,n
advance,20,n
affect,20,n
angel,20,n
answering,20,n
argument,20,n
attempts,20,n
baronet,20,n
beneath,20,n
blow,20,n
bowed,20,n
capital,20,n
cheerfully,20,n
complaint,20,n
confused,20,n
consulted,20,n
copyright,20,n
created,20,n
curious,20,n
dearer,20,n
deprived,20,n
disgust,20,n
disturbed,20,n
eloisa,20,n
enjoying,20,n
exertions,20,n
expose,20,n
farm,20,n
fortunately,20,n
gallant,20,n
gloom,20,n
gracious,20,n
gravity,20,n
guard,20,n
hesitated,20,n
horrible,20,n
influenced,20,n
inviting,20,n
ireland,20,n
james's,20,n
john's,20,n
joining,20,n
kingdom,20,n
lasted,20,n
law's,20,n
literary,20,n
luckily,20,n
mary's,20,n
moderate,20,n
navy,20,n
norfolk,20,n
north,20,n
noticed,20,n
numerous,20,n
occupy,20,n
opposed,20,n
owner,20,n
perfection,20,n
plays,20,n
practice,20,n
prejudice,20,n
recollections,20,n
represented,20,n
reproof,20,n
retired,20,n
revived,20,n
separated,20,n
shewing,20,n
shy,20,n
sinking,20,n
slow,20,n
tilneys,20,n
treat,20,n
trick,20,n
troublesome,20,n
uncommonly,20,n
violence,20,n
warmest,20,n
woods,20,n
accommodation,19,n
additional,19,n
admiring,19,n
amusements,19,n
apologies,19,n
approved,19,n
art,19,n
author,19,n
avoiding,19,n
basket,19,n
cautious,19,n
coachman,19,n
complain,19,n
confession,19,n
deficiency,19,n
delightfully,19,n
delivered,19,n
deserves,19,n
dismissed,19,n
distrust,19,n
downstairs,19,n
endured,19,n
entertainment,19,n
entire,19,n
examine,19,n
examining,19,n
exchange,19,n
excuses,19,n
exist,19,n
expedient,19,n
famous,19,n
fatigued,19,n
flattery,19,n
flutter,19,n
founded,19,n
freindship,19,n
generosity,19,n
genuine,19,n
grey,19,n
heavens,19,n
hills,19,n
implied,19,n
indebted,19,n
inevitable,19,n
joyful,19,n
lacey,19,n
langford,19,n
license,19,n
losing,19,n
mad,19,n
musgrove's,19,n
named,19,n
neat,19,n
openness,19,n
original,19,n
perplexity,19,n
possess,19,n
preserved,19,n
presume,19,n
procure,19,n
protection,19,n
provoked,19,n
queen,19,n
red,19,n
regretting,19,n
requires,19,n
respected,19,n
respecting,19,n
richmond,19,n
ring,19,n
seized,19,n
seventeen,19,n
snow,19,n
strangers,19,n
substance,19,n
suitable,19,n
suspecting,19,n
thin,19,n
tis,19,n
unexceptionable,19,n
ungrateful,19,n
unusual,19,n
urgent,19,n
whist,19,n
willingly,19,n
witnessed,19,n
yards,19,n
abominable,18,n
adeiu,18,n
adopt,18,n
advised,18,n
agatha,18,n
allenham,18,n
ample,18,n
ancient,18,n
assembled,18,n
awful,18,n
bottom,18,n
breaking,18,n
carefully,18,n
coldness,18,n
complaints,18,n
conceit,18,n
conference,18,n
confirmation,18,n
conquest,18,n
constitution,18,n
crossed,18,n
deference,18,n
demands,18,n
designs,18,n
determination,18,n
directions,18,n
dirt,18,n
double,18,n
easter,18,n
endeavours,18,n
energy,18,n
entertaining,18,n
errors,18,n
estimation,18,n
exact,18,n
faith,18,n
falsehood,18,n
firm,18,n
forgetting,18,n
ha,18,n
harvilles,18,n
hat,18,n
hawkins,18,n
heroine,18,n
horseback,18,n
husbands,18,n
including,18,n
inquiring,18,n
introducing,18,n
kindest,18,n
kitchen,18,n
lawn,18,n
letting,18,n
liberality,18,n
limited,18,n
lot,18,n
mansion,18,n
middletons,18,n
misconduct,18,n
nieces,18,n
noisy,18,n
ordinary,18,n
overpowered,18,n
page,18,n
paragraph,18,n
parent,18,n
people's,18,n
plenty,18,n
prevail,18,n
proportion,18,n
pursuits,18,n
rapidly,18,n
reconciliation,18,n
reminded,18,n
retirement,18,n
saving,18,n
settling,18,n
shade,18,n
silenced,18,n
slightly,18,n
stayed,18,n
steadily,18,n
stir,18,n
tenant,18,n
tiresome,18,n
tongue,18,n
torment,18,n
udolpho,18,n
unaccountable,18,n
unwell,18,n
voluntary,18,n
walter's,18,n
west,18,n
writes,18,n
_had_,17,n
_must_,17,n
acknowledgment,17,n
amendment,17,n
anticipated,17,n
apartments,17,n
arrive,17,n
assertion,17,n
attractions,17,n
aunts,17,n
awake,17,n
awkwardness,17,n
beleive,17,n
berkeley,17,n
cast,17,n
chapel,17,n
civilly,17,n
coles,17,n
comparatively,17,n
compliance,17,n
confinement,17,n
conjectures,17,n
consistent,17,n
cook,17,n
counsel,17,n
decorum,17,n
describing,17,n
desperate,17,n
detained,17,n
dream,17,n
drinking,17,n
earth,17,n
economy,17,n
emotions,17,n
employments,17,n
entreated,17,n
everingham,17,n
excess,17,n
exeter,17,n
extravagance,17,n
faint,17,n
faithful,17,n
farewell,17,n
fearing,17,n
fill,17,n
handsomely,17,n
hughes,17,n
imposed,17,n
improving,17,n
inconvenient,17,n
indisposition,17,n
inducement,17,n
instances,17,n
integrity,17,n
intelligent,17,n
interview,17,n
invitations,17,n
julia's,17,n
june,17,n
maintained,17,n
meetings,17,n
oftener,17,n
oppressed,17,n
pained,17,n
parcel,17,n
patient,17,n
penetration,17,n
perform,17,n
placing,17,n
preceding,17,n
preserve,17,n
pretensions,17,n
provoking,17,n
purposely,17,n
pursued,17,n
pursuing,17,n
quickness,17,n
rapidity,17,n
reference,17,n
render,17,n
repetition,17,n
repose,17,n
restless,17,n
rude,17,n
scrupulous,17,n
sighed,17,n
situated,17,n
solemnity,17,n
speedy,17,n
sport,17,n
startled,17,n
stepping,17,n
stopt,17,n
strict,17,n
suspended,17,n
thrush,17,n
tranquil,17,n
trembling,17,n
undertake,17,n
unfit,17,n
unnatural,17,n
vicarage,17,n
vows,17,n
vulgar,17,n
worldly,17,n
_they_,16,n
activity,16,n
acute,16,n
agreeing,16,n
alicia,16,n
allowance,16,n
amazed,16,n
ambition,16,n
amelia,16,n
amiss,16,n
amount,16,n
anhalt,16,n
apples,16,n
ascertain,16,n
aspect,16,n
assuring,16,n
astonishing,16,n
attributed,16,n
awakened,16,n
bitter,16,n
blue,16,n
chat,16,n
class,16,n
collect,16,n
combe,16,n
console,16,n
coolly,16,n
copy,16,n
correct,16,n
crawfords,16,n
cry,16,n
dearly,16,n
debts,16,n
decline,16,n
defend,16,n
defer,16,n
degrees,16,n
deserted,16,n
detain,16,n
disadvantage,16,n
disposal,16,n
doctor,16,n
drawback,16,n
dropped,16,n
dry,16,n
elopement,16,n
enabled,16,n
enquiries,16,n
esteemed,16,n
exclaiming,16,n
excused,16,n
fashionable,16,n
ferrars's,16,n
footing,16,n
fourth,16,n
furnished,16,n
gardens,16,n
genteel,16,n
goodwill,16,n
grant's,16,n
gratefully,16,n
handsomest,16,n
harley,16,n
heat,16,n
her's,16,n
honours,16,n
imaginary,16,n
impatiently,16,n
impossibility,16,n
imputed,16,n
inclinations,16,n
infinite,16,n
insensibility,16,n
insolent,16,n
insufficient,16,n
january,16,n
liable,16,n
lieutenant,16,n
list,16,n
lodge,16,n
merry,16,n
middleton's,16,n
milsom,16,n
northamptonshire,16,n
occupation,16,n
odious,16,n
offend,16,n
other's,16,n
owned,16,n
pages,16,n
powerful,16,n
prevailing,16,n
privilege,16,n
protest,16,n
qualified,16,n
reaching,16,n
rebecca,16,n
reconcile,16,n
reflected,16,n
reign,16,n
relating,16,n
relieve,16,n
renewal,16,n
sadly,16,n
scudamore,16,n
sharp,16,n
sore,16,n
station,16,n
streets,16,n
submission,16,n
title,16,n
unfeeling,16,n
unhappiness,16,n
unluckily,16,n
unpardonable,16,n
useless,16,n
uttered,16,n
valley,16,n
violently,16,n
war,16,n
weary,16,n
whispering,16,n
wisest,16,n
yield,16,n
zeal,16,n
3,15,n
_do_,15,n
_pride,15,n
_sense,15,n
abruptly,15,n
abundance,15,n
accent,15,n
acceptance,15,n
accused,15,n
acknowledging,15,n
admirer,15,n
advisable,15,n
agreable,15,n
alluded,15,n
amidst,15,n
appeal,15,n
appointment,15,n
april,15,n
ascertained,15,n
attentively,15,n
attribute,15,n
betray,15,n
bewitching,15,n
bitterness,15,n
blinded,15,n
bloom,15,n
boasted,15,n
bound,15,n
caroline,15,n
churchills,15,n
claimed,15,n
colouring,15,n
completed,15,n
compose,15,n
concealing,15,n
confessed,15,n
confident,15,n
contrive,15,n
crying,15,n
declining,15,n
derived,15,n
designed,15,n
detail,15,n
dignified,15,n
disdain,15,n
dissatisfied,15,n
distinct,15,n
disturb,15,n
divide,15,n
donations,15,n
dying,15,n
efforts,15,n
encounter,15,n
examined,15,n
execution,15,n
expressive,15,n
extravagant,15,n
exultation,15,n
familiar,15,n
fatigues,15,n
feature,15,n
field,15,n
forlorn,15,n
formidable,15,n
fun,15,n
furnish,15,n
gaining,15,n
glass,15,n
gloomy,15,n
graceful,15,n
hanging,15,n
harbour,15,n
heads,15,n
honestly,15,n
impertinence,15,n
innocence,15,n
irresistible,15,n
kent,15,n
lamentations,15,n
laws,15,n
listener,15,n
luxury,15,n
maternal,15,n
mouth,15,n
muslin,15,n
nineteen,15,n
novels,15,n
obstinate,15,n
offers,15,n
officer,15,n
opportunities,15,n
originally,15,n
outward,15,n
owing,15,n
prejudice_,15,n
pretended,15,n
procuring,15,n
promises,15,n
proofs,15,n
prosperity,15,n
proving,15,n
provision,15,n
pulteney,15,n
quest,15,n
raising,15,n
recall,15,n
refrain,15,n
regularly,15,n
reluctance,15,n
remembering,15,n
repent,15,n
resent,15,n
resigned,15,n
resolutely,15,n
resources,15,n
respectability,15,n
restore,15,n
richard,15,n
romantic,15,n
roof,15,n
services,15,n
severely,15,n
shape,15,n
singing,15,n
smooth,15,n
spoilt,15,n
steadiness,15,n
subdued,15,n
terrible,15,n
thirteen,15,n
tidings,15,n
timed,15,n
travel,15,n
tree,15,n
ungenerous,15,n
unkindness,15,n
unwillingness,15,n
upright,15,n
yielded,15,n
_is_,14,n
_should_,14,n
_there_,14,n
accuse,14,n
acquired,14,n
amazing,14,n
appointed,14,n
apprehensions,14,n
arguments,14,n
assembly,14,n
attachments,14,n
beau,14,n
behold,14,n
benevolence,14,n
bit,14,n
bitterly,14,n
blushing,14,n
bonnet,14,n
brain,14,n
breath,14,n
breathe,14,n
charity,14,n
clearer,14,n
clock,14,n
cobb,14,n
compassionate,14,n
conceited,14,n
confirm,14,n
consequences,14,n
contradict,14,n
correspondent,14,n
cutting,14,n
date,14,n
defect,14,n
demand,14,n
dependent,14,n
depends,14,n
discern,14,n
discerned,14,n
disliked,14,n
doubting,14,n
dropt,14,n
edinburgh,14,n
eleven,14,n
enable,14,n
enjoyments,14,n
ere,14,n
exciting,14,n
exerted,14,n
exploring,14,n
extended,14,n
fashioned,14,n
feet,14,n
flirtation,14,n
forbid,14,n
friday,14,n
fruit,14,n
gates,14,n
gently,14,n
gift,14,n
glimpse,14,n
glory,14,n
gratify,14,n
happening,14,n
hardened,14,n
harmony,14,n
hated,14,n
hearty,14,n
holidays,14,n
hospitality,14,n
impulse,14,n
incumbent,14,n
indies,14,n
indulging,14,n
inferiority,14,n
intend,14,n
intimately,14,n
killed,14,n
knocked,14,n
lessened,14,n
lesson,14,n
lucases,14,n
macdonald,14,n
maria's,14,n
martin's,14,n
meal,14,n
misled,14,n
misunderstood,14,n
mode,14,n
model,14,n
morton,14,n
obtain,14,n
papers,14,n
penance,14,n
person's,14,n
persuading,14,n
phrase,14,n
pleasanter,14,n
praised,14,n
preparations,14,n
presumption,14,n
producing,14,n
promotion,14,n
provoke,14,n
puzzled,14,n
recommending,14,n
rehearsal,14,n
rejoicing,14,n
release,14,n
represent,14,n
resisted,14,n
resumed,14,n
reverie,14,n
seats,14,n
sensibility_,14,n
shyness,14,n
sickly,14,n
skill,14,n
sly,14,n
sold,14,n
soothing,14,n
sorrows,14,n
speculation,14,n
stepped,14,n
strengthened,14,n
stupidity,14,n
successful,14,n
sussex,14,n
tax,14,n
tenderly,14,n
thoughtless,14,n
thousands,14,n
top,14,n
trade,14,n
trademark,14,n
trusting,14,n
uncertainty,14,n
unsuspicious,14,n
vacant,14,n
wandering,14,n
warrant,14,n
waste,14,n
_then_,13,n
_this_,13,n
acquaintances,13,n
adjoining,13,n
advantageous,13,n
affecting,13,n
allusion,13,n
answers,13,n
appearances,13,n
applying,13,n
archive,13,n
arisen,13,n
arriving,13,n
assisting,13,n
bearing,13,n
benefited,13,n
betraying,13,n
bewildered,13,n
blessings,13,n
blindness,13,n
bold,13,n
breach,13,n
brilliant,13,n
broad,13,n
butler,13,n
calls,13,n
candour,13,n
centre,13,n
clifton,13,n
coarse,13,n
coffee,13,n
comprehended,13,n
comprehending,13,n
concluding,13,n
considerations,13,n
contemplation,13,n
contracted,13,n
converse,13,n
conversing,13,n
convincing,13,n
creating,13,n
critical,13,n
croft's,13,n
damp,13,n
decisive,13,n
declaring,13,n
defence,13,n
destiny,13,n
detest,13,n
directing,13,n
distinguishing,13,n
distresses,13,n
division,13,n
drop,13,n
ebook,13,n
eleanor's,13,n
exclamation,13,n
females,13,n
finery,13,n
firmly,13,n
flew,13,n
flirt,13,n
flower,13,n
folding,13,n
foresee,13,n
forever,13,n
fourteen,13,n
freedom,13,n
freely,13,n
frightful,13,n
gardiner's,13,n
glancing,13,n
governed,13,n
gravel,13,n
guests,13,n
hesitate,13,n
humility,13,n
incessant,13,n
indulgent,13,n
innocent,13,n
insist,13,n
inspired,13,n
jumped,13,n
land,13,n
languid,13,n
liveliness,13,n
lutterell,13,n
march,13,n
martins,13,n
minded,13,n
moderation,13,n
nash,13,n
nights,13,n
northampton,13,n
origin,13,n
overlook,13,n
permitted,13,n
persevered,13,n
perusal,13,n
plague,13,n
plants,13,n
plymouth,13,n
pocket,13,n
presumed,13,n
promoting,13,n
prosperous,13,n
rationally,13,n
reader,13,n
receipt,13,n
remainder,13,n
revenge,13,n
ridicule,13,n
rough,13,n
score,13,n
shared,13,n
sober,13,n
social,13,n
spirited,13,n
storm,13,n
stout,13,n
studied,13,n
surrounding,13,n
symptom,13,n
talker,13,n
tease,13,n
thorpes,13,n
tour,13,n
treating,13,n
trembled,13,n
unfavourable,13,n
unite,13,n
universally,13,n
unreserve,13,n
vastly,13,n
wounded,13,n
2,12,n
_us_,12,n
_would_,12,n
abhorrence,12,n
absurdity,12,n
accidental,12,n
accomplishment,12,n
acquisition,12,n
adapted,12,n
affront,12,n
airs,12,n
allowable,12,n
alter,12,n
apprehensive,12,n
arch,12,n
arising,12,n
artless,12,n
asleep,12,n
asserted,12,n
ate,12,n
avail,12,n
awe,12,n
bank,12,n
begging,12,n
billiard,12,n
bread,12,n
brings,12,n
build,12,n
carteret,12,n
celebrated,12,n
chances,12,n
closet,12,n
cole's,12,n
colonel's,12,n
commanded,12,n
complying,12,n
concurrence,12,n
conducted,12,n
congratulated,12,n
conjectured,12,n
considerate,12,n
cordially,12,n
count,12,n
covered,12,n
create,12,n
creditable,12,n
curtain,12,n
custom,12,n
daring,12,n
debt,12,n
declares,12,n
deemed,12,n
denny,12,n
denying,12,n
despise,12,n
despised,12,n
destroy,12,n
detected,12,n
diffidence,12,n
dinners,12,n
disagreement,12,n
disappoint,12,n
discernment,12,n
duke,12,n
ecstasy,12,n
endless,12,n
enquiry,12,n
estimate,12,n
exclaim,12,n
firmness,12,n
floor,12,n
fondness,12,n
frederica's,12,n
freinds,12,n
french,12,n
georgiana,12,n
glowing,12,n
gold,12,n
granted,12,n
grants,12,n
grieve,12,n
grievous,12,n
gross,12,n
handed,12,n
harville's,12,n
headache,12,n
holds,12,n
humanity,12,n
hunting,12,n
idleness,12,n
improbable,12,n
incomprehensible,12,n
inconstancy,12,n
indisposed,12,n
individual,12,n
inevitably,12,n
ingenuity,12,n
insipid,12,n
insisted,12,n
intently,12,n
invariably,12,n
knock,12,n
la,12,n
labour,12,n
lamented,12,n
lamp,12,n
languor,12,n
larkins,12,n
likelihood,12,n
louisa's,12,n
management,12,n
mare,12,n
marlowe,12,n
masters,12,n
meadows,12,n
meat,12,n
mental,12,n
michaelmas,12,n
mill,12,n
monstrous,12,n
moral,12,n
morning's,12,n
mothers,12,n
mystery,12,n
needless,12,n
negligent,12,n
obtaining,12,n
october,12,n
overheard,12,n
overlooked,12,n
overpowering,12,n
palmer's,12,n
parade,12,n
patty,12,n
perpetual,12,n
philippa,12,n
playful,12,n
politely,12,n
pork,12,n
prejudiced,12,n
prettiest,12,n
preventing,12,n
price's,12,n
prior,12,n
prompted,12,n
providing,12,n
quarrelling,12,n
quarters,12,n
reality,12,n
recalled,12,n
recently,12,n
reckoned,12,n
reduced,12,n
rejected,12,n
reputation,12,n
requested,12,n
requiring,12,n
restrain,12,n
ruined,12,n
rushed,12,n
sailor,12,n
scattered,12,n
search,12,n
sell,12,n
sentences,12,n
serve,12,n
severity,12,n
shaken,12,n
shaking,12,n
sharing,12,n
shire,12,n
sighing,12,n
silently,12,n
simpleton,12,n
solicitous,12,n
solid,12,n
somersetshire,12,n
son's,12,n
sources,12,n
speed,12,n
stone,12,n
suckling,12,n
suggestion,12,n
summons,12,n
tables,12,n
teasing,12,n
tempers,12,n
thick,12,n
topic,12,n
train,12,n
tricks,12,n
ungracious,12,n
unwillingly,12,n
urging,12,n
varying,12,n
withdrew,12,n
writer,12,n
4,11,n
_all_,11,n
access,11,n
admirable,11,n
admiral's,11,n
advancing,11,n
affectation,11,n
afflicted,11,n
alarms,11,n
amply,11,n
ardent,11,n
ascended,11,n
astonish,11,n
attracted,11,n
attractive,11,n
avenue,11,n
barely,11,n
beat,11,n
beds,11,n
begins,11,n
behalf,11,n
behaving,11,n
beholding,11,n
bench,11,n
blunder,11,n
brilliancy,11,n
brunswick,11,n
cake,11,n
candle,11,n
caprice,11,n
carelessly,11,n
chain,11,n
changing,11,n
charles's,11,n
cheap,11,n
checking,11,n
christian,11,n
closely,11,n
collecting,11,n
comforted,11,n
communications,11,n
composedly,11,n
condescension,11,n
consented,11,n
contradicted,11,n
crime,11,n
crowded,11,n
darling,11,n
dejection,11,n
devil,11,n
dictate,11,n
disappointments,11,n
discovering,11,n
disgusted,11,n
disinclination,11,n
displayed,11,n
dispose,11,n
dissuade,11,n
diverted,11,n
doubtless,11,n
drawings,11,n
ecclesford,11,n
effusions,11,n
elevated,11,n
enemy,11,n
exceed,11,n
exclamations,11,n
existed,11,n
expensive,11,n
failing,11,n
faithfully,11,n
familiarity,11,n
fancies,11,n
forbidden,11,n
forcing,11,n
formality,11,n
fortunes,11,n
fraser,11,n
fright,11,n
grandmama,11,n
grandmother,11,n
greville,11,n
grieving,11,n
guide,11,n
guineas,11,n
handsomer,11,n
hardship,11,n
helped,11,n
helpless,11,n
holding,11,n
humiliation,11,n
impudence,11,n
inattention,11,n
insult,11,n
interfere,11,n
invalid,11,n
italian,11,n
janetta,11,n
joyfully,11,n
judicious,11,n
leg,11,n
lengthened,11,n
magna,11,n
maids,11,n
matrimonial,11,n
mercy,11,n
mirth,11,n
mix,11,n
mixed,11,n
niece's,11,n
noticing,11,n
nursery,11,n
ornaments,11,n
partners,11,n
passages,11,n
perturbation,11,n
perverseness,11,n
pitiable,11,n
plea,11,n
prompt,11,n
pronounce,11,n
punctual,11,n
pure,11,n
questioned,11,n
rained,11,n
range,11,n
recital,11,n
recommendations,11,n
refreshment,11,n
released,11,n
remonstrance,11,n
resolute,11,n
retained,11,n
rightly,11,n
rode,11,n
sang,11,n
scolded,11,n
scotch,11,n
securing,11,n
served,11,n
shadow,11,n
shawl,11,n
shelter,11,n
shooting,11,n
silver,11,n
sketch,11,n
skin,11,n
sky,11,n
sleeping,11,n
sole,11,n
solely,11,n
sorrowful,11,n
soup,11,n
stable,11,n
stream,11,n
subsequent,11,n
surmise,11,n
sweep,11,n
thanking,11,n
threatened,11,n
travellers,11,n
unconnected,11,n
unconsciously,11,n
unexpectedly,11,n
unfolded,11,n
universal,11,n
usefulness,11,n
utility,11,n
variation,11,n
varied,11,n
voices,11,n
westons,11,n
winthrop,11,n
wiser,11,n
wonders,11,n
yielding,11,n
5,10,n
_more_,10,n
accommodations,10,n
accompanying,10,n
accustomed,10,n
admitting,10,n
affluence,10,n
affording,10,n
agreeably,10,n
aid,10,n
allowances,10,n
alloy,10,n
arranging,10,n
artful,10,n
assent,10,n
assert,10,n
attaching,10,n
attract,10,n
attributing,10,n
authorised,10,n
baby,10,n
ballroom,10,n
banish,10,n
banished,10,n
baron,10,n
beaux,10,n
benevolent,10,n
bennets,10,n
blameless,10,n
bond,10,n
bosom,10,n
branch,10,n
brown,10,n
cabinet,10,n
calmer,10,n
caring,10,n
charitable,10,n
charmingly,10,n
chooses,10,n
comparative,10,n
completion,10,n
comply,10,n
comprised,10,n
condemn,10,n
confidential,10,n
conjugal,10,n
consequent,10,n
consoling,10,n
consultation,10,n
contemptible,10,n
contrivance,10,n
contriving,10,n
conveying,10,n
counteract,10,n
cruelly,10,n
curate,10,n
darted,10,n
decease,10,n
defects,10,n
delays,10,n
demanded,10,n
depressed,10,n
destined,10,n
discontent,10,n
discredit,10,n
disguise,10,n
disgusting,10,n
disorder,10,n
displaying,10,n
dispositions,10,n
dispute,10,n
dockyard,10,n
dorothea,10,n
drawer,10,n
ears,10,n
easier,10,n
educated,10,n
effusion,10,n
eloquence,10,n
environs,10,n
exception,10,n
exhausted,10,n
explaining,10,n
explanations,10,n
farmer,10,n
faultless,10,n
fingers,10,n
fish,10,n
flight,10,n
fly,10,n
footsteps,10,n
ford's,10,n
foresaw,10,n
foretold,10,n
forgiveness,10,n
forms,10,n
forwards,10,n
gout,10,n
heaven's,10,n
hedge,10,n
hero,10,n
heroism,10,n
honesty,10,n
humbled,10,n
ii,10,n
indolent,10,n
informing,10,n
ingratitude,10,n
inhabitants,10,n
insolence,10,n
instructions,10,n
insufferable,10,n
intent,10,n
interposed,10,n
intrusion,10,n
invention,10,n
involve,10,n
iron,10,n
irritated,10,n
kinder,10,n
kings,10,n
kissed,10,n
knoll,10,n
lambton,10,n
lamenting,10,n
lie,10,n
linen,10,n
loving,10,n
lying,10,n
maintaining,10,n
manager,10,n
meditations,10,n
mend,10,n
mildness,10,n
missing,10,n
mutton,10,n
neck,10,n
negative,10,n
nephews,10,n
objectionable,10,n
offending,10,n
officious,10,n
opposing,10,n
ornament,10,n
palmers,10,n
particularity,10,n
patroness,10,n
perfections,10,n
performances,10,n
personally,10,n
phaeton,10,n
picturesque,10,n
pitiful,10,n
playfulness,10,n
poetry,10,n
polished,10,n
preferment,10,n
presentation,10,n
prince,10,n
probabilities,10,n
proceedings,10,n
profit,10,n
protected,10,n
pursue,10,n
puzzle,10,n
quality,10,n
reads,10,n
refinement,10,n
reflecting,10,n
refund,10,n
religion,10,n
reproaches,10,n
restrained,10,n
rewarded,10,n
reynolds,10,n
river,10,n
roads,10,n
romance,10,n
rules,10,n
sacrificed,10,n
safer,10,n
sanction,10,n
scold,10,n
secretly,10,n
series,10,n
sermon,10,n
sheet,10,n
ship,10,n
shoes,10,n
shops,10,n
sickness,10,n
sign,10,n
significant,10,n
singular,10,n
sized,10,n
slept,10,n
solicited,10,n
soothe,10,n
spacious,10,n
sprung,10,n
stake,10,n
stands,10,n
stated,10,n
steward,10,n
subdue,10,n
suffice,10,n
summers,10,n
summoned,10,n
supplying,10,n
supposition,10,n
survey,10,n
suspicious,10,n
tear,10,n
thankfully,10,n
thoughtfulness,10,n
trace,10,n
treasure,10,n
tribute,10,n
trivial,10,n
truths,10,n
unconcerned,10,n
unguarded,10,n
unpretending,10,n
unsettled,10,n
usage,10,n
visible,10,n
vivacity,10,n
wales,10,n
wall,10,n
wearing,10,n
wilderness,10,n
willingness,10,n
wimpole,10,n
wisely,10,n
withdrawn,10,n
wives,10,n
worthless,10,n
www.gutenberg.org,10,n
york,10,n
4th,9,n
abuse,9,n
abused,9,n
accommodate,9,n
acts,9,n
acutely,9,n
adieus,9,n
advances,9,n
advocate,9,n
ages,9,n
aimed,9,n
allens,9,n
anticipation,9,n
antigua,9,n
anybody's,9,n
appetite,9,n
apple,9,n
ardour,9,n
arrange,9,n
artificial,9,n
astray,9,n
asunder,9,n
attitude,9,n
august,9,n
baked,9,n
bathing,9,n
befallen,9,n
bestowing,9,n
bill,9,n
blooming,9,n
blunders,9,n
briefly,9,n
brightened,9,n
calculate,9,n
candid,9,n
ceaseless,9,n
chanced,9,n
charged,9,n
chest,9,n
children's,9,n
china,9,n
clay's,9,n
clouds,9,n
coat,9,n
comedy,9,n
committed,9,n
communicative,9,n
comparing,9,n
confide,9,n
connect,9,n
considers,9,n
contentment,9,n
continuation,9,n
conversations,9,n
cottager's,9,n
courteous,9,n
cunning,9,n
curacy,9,n
deception,9,n
defiance,9,n
defy,9,n
deliberation,9,n
departed,9,n
despatch,9,n
desponding,9,n
detection,9,n
discerning,9,n
discussed,9,n
disgraceful,9,n
disparity,9,n
dispatched,9,n
disregarded,9,n
distinctly,9,n
effectually,9,n
enclosed,9,n
ensure,9,n
enthusiasm,9,n
everybody's,9,n
expediency,9,n
explore,9,n
exposing,9,n
extend,9,n
falls,9,n
fame,9,n
fathers,9,n
favourably,9,n
fearless,9,n
feelingly,9,n
fervent,9,n
fetching,9,n
feverish,9,n
figures,9,n
filling,9,n
finer,9,n
fondly,9,n
food,9,n
frame,9,n
france,9,n
frighten,9,n
gaze,9,n
generations,9,n
gentility,9,n
gig,9,n
glee,9,n
gloves,9,n
govern,9,n
gracechurch,9,n
graces,9,n
graciously,9,n
grandfather,9,n
gruel,9,n
handwriting,9,n
harry,9,n
healthy,9,n
hesitatingly,9,n
hide,9,n
horrors,9,n
household,9,n
housekeeping,9,n
iii,9,n
impartial,9,n
impose,9,n
impressions,9,n
impudent,9,n
inconveniences,9,n
incredible,9,n
indispensable,9,n
infancy,9,n
infatuation,9,n
injure,9,n
injurious,9,n
insignificant,9,n
instruction,9,n
interrupt,9,n
irish,9,n
knife,9,n
lace,9,n
lawyer,9,n
laying,9,n
lecture,9,n
lee,9,n
lessening,9,n
lies,9,n
lingering,9,n
madness,9,n
mantelpiece,9,n
medium,9,n
men's,9,n
mercenary,9,n
mourning,9,n
notes,9,n
originated,9,n
overcame,9,n
pang,9,n
parliament,9,n
partly,9,n
pattern,9,n
perception,9,n
persevere,9,n
pictures,9,n
plaister,9,n
planned,9,n
poultry,9,n
practicable,9,n
practise,9,n
prayers,9,n
preferring,9,n
pretending,9,n
prettily,9,n
prime,9,n
privileged,9,n
prize,9,n
prodigious,9,n
punish,9,n
pushed,9,n
rapturous,9,n
refined,9,n
rehearse,9,n
rent,9,n
repair,9,n
replying,9,n
representing,9,n
reproached,9,n
requisite,9,n
resentful,9,n
resolutions,9,n
review,9,n
roses,9,n
rouse,9,n
route,9,n
sacrifices,9,n
sailors,9,n
sam,9,n
satin,9,n
saucy,9,n
scandalous,9,n
scolding,9,n
screen,9,n
seize,9,n
selina,9,n
sensibly,9,n
sermons,9,n
shakespeare,9,n
shameful,9,n
shirley,9,n
shrubberies,9,n
sisterly,9,n
sleepless,9,n
snug,9,n
soften,9,n
sparkling,9,n
spectacles,9,n
spithead,9,n
sprang,9,n
stared,9,n
stretch,9,n
struggled,9,n
surry,9,n
tenants,9,n
tom's,9,n
torn,9,n
tremble,9,n
triumphant,9,n
unceasing,9,n
uncivil,9,n
unconcern,9,n
unconscious,9,n
uniform,9,n
unseen,9,n
varieties,9,n
vestibule,9,n
vex,9,n
vice,9,n
warmer,9,n
wide,9,n
williams,9,n
winding,9,n
wingfield,9,n
won,9,n
yorkshire,9,n
9,8,n
_here_,8,n
_i,8,n
_some_,8,n
_two_,8,n
acquitted,8,n
affability,8,n
agreeableness,8,n
alternative,8,n
an't,8,n
animating,8,n
announcing,8,n
apothecary,8,n
appeased,8,n
apprehended,8,n
approving,8,n
army,8,n
articles,8,n
assented,8,n
atonement,8,n
attendant,8,n
audible,8,n
audience,8,n
authorise,8,n
aversion,8,n
bears,8,n
beautifull,8,n
belongs,8,n
bend,8,n
bias,8,n
blamed,8,n
campbell's,8,n
candles,8,n
captivating,8,n
carpet,8,n
ceasing,8,n
ceremonious,8,n
chapman,8,n
cheek,8,n
cheese,8,n
chuses,8,n
chusing,8,n
cloak,8,n
commonest,8,n
commonplace,8,n
communicating,8,n
complied,8,n
composition,8,n
conceived,8,n
consulting,8,n
contend,8,n
content,8,n
contrasted,8,n
contribute,8,n
contributed,8,n
coolness,8,n
courted,8,n
coxcomb,8,n
crossing,8,n
d'ye,8,n
deciding,8,n
deed,8,n
dejected,8,n
depart,8,n
derive,8,n
desires,8,n
devotion,8,n
dick,8,n
disadvantages,8,n
disappeared,8,n
disappointing,8,n
discomposed,8,n
discreet,8,n
dissipated,8,n
dissipation,8,n
disturbance,8,n
divisions,8,n
downright,8,n
dreading,8,n
droll,8,n
duration,8,n
earned,8,n
ebooks,8,n
edgar's,8,n
empty,8,n
enforced,8,n
enquired,8,n
entail,8,n
escaping,8,n
establish,8,n
excluded,8,n
fare,8,n
faster,8,n
faulty,8,n
fee,8,n
fewer,8,n
final,8,n
finishing,8,n
follies,8,n
forcibly,8,n
forest,8,n
frank's,8,n
frankness,8,n
freshness,8,n
friendliness,8,n
frost,8,n
fullest,8,n
gaieties,8,n
gaily,8,n
gentlewoman,8,n
gouty,8,n
government,8,n
grenville,8,n
grossly,8,n
guidance,8,n
habitation,8,n
handkerchief,8,n
harris,8,n
hazard,8,n
hazarded,8,n
hears,8,n
henrietta's,8,n
heretofore,8,n
hinted,8,n
honourably,8,n
housemaid,8,n
hunters,8,n
image,8,n
imparted,8,n
improperly,8,n
inattentive,8,n
inconceivable,8,n
inconsiderable,8,n
inconsistency,8,n
indignant,8,n
indubitable,8,n
inexcusable,8,n
inspection,8,n
inspire,8,n
instantaneous,8,n
instinctive,8,n
intellectual,8,n
intermission,8,n
invariable,8,n
involuntarily,8,n
issue,8,n
ix,8,n
jenkinson,8,n
jewels,8,n
joint,8,n
journal,8,n
justification,8,n
keenly,8,n
kingston,8,n
laconia,8,n
leads,8,n
lobby,8,n
longstaple,8,n
loveliness,8,n
magnificent,8,n
main,8,n
maintain,8,n
maintenance,8,n
manuscript,8,n
marlborough,8,n
meditated,8,n
meditating,8,n
meditation,8,n
merriment,8,n
militia,8,n
monkford,8,n
morality,8,n
mornings,8,n
mortify,8,n
motionless,8,n
musing,8,n
narration,8,n
nation,8,n
native,8,n
naval,8,n
negligence,8,n
nicely,8,n
night's,8,n
noises,8,n
nonsensical,8,n
nursing,8,n
obeyed,8,n
observer,8,n
offensive,8,n
operation,8,n
ordained,8,n
outlived,8,n
parcels,8,n
parental,8,n
pathetic,8,n
pausing,8,n
pecuniary,8,n
pencil,8,n
performing,8,n
perpetually,8,n
pheasants,8,n
philander,8,n
philosophy,8,n
phoo,8,n
piano,8,n
pleases,8,n
possesses,8,n
poured,8,n
pre,8,n
preach,8,n
privacy,8,n
privy,8,n
productive,8,n
profess,8,n
prohibited,8,n
promoted,8,n
protesting,8,n
punctually,8,n
purchased,8,n
purity,8,n
purse,8,n
push,8,n
quarrelled,8,n
quicker,8,n
ramparts,8,n
rap,8,n
rapture,8,n
rated,8,n
reasoned,8,n
remembrances,8,n
remind,8,n
remiss,8,n
repaid,8,n
reports,8,n
resign,8,n
resistance,8,n
respectful,8,n
rival,8,n
rob,8,n
robbed,8,n
roll,8,n
rousing,8,n
rubber,8,n
satisfying,8,n
seclusion,8,n
section,8,n
serviceable,8,n
seymour,8,n
sheltered,8,n
shore,8,n
shoulders,8,n
sighted,8,n
simply,8,n
slave,8,n
smallness,8,n
spoiled,8,n
spreading,8,n
stables,8,n
starting,8,n
statement,8,n
sterling,8,n
straight,8,n
strawberries,8,n
strictest,8,n
strictly,8,n
striving,8,n
studying,8,n
stuff,8,n
succession,8,n
suddenness,8,n
sufferer,8,n
suggesting,8,n
suggestions,8,n
sunshine,8,n
supplanted,8,n
suppressed,8,n
surgeon,8,n
surprising,8,n
survive,8,n
swallowed,8,n
swelling,8,n
system,8,n
taylor's,8,n
teaching,8,n
tedious,8,n
tenderest,8,n
terrors,8,n
testimony,8,n
theatrical,8,n
thou,8,n
thoughtlessness,8,n
tragedy,8,n
ugly,8,n
undertaking,8,n
unfairly,8,n
uniting,8,n
unjustifiable,8,n
unpleasing,8,n
unprincipled,8,n
unreserved,8,n
unsteady,8,n
ushered,8,n
venturing,8,n
vexatious,8,n
vindication,8,n
virtues,8,n
vulgarity,8,n
warn,8,n
weariness,8,n
whilst,8,n
wholesome,8,n
wicked,8,n
widely,8,n
withheld,8,n
witnessing,8,n
witty,8,n
wretchedly,8,n
xiv,8,n
yates's,8,n
yearly,8,n
youthful,8,n
10,7,n
6,7,n
7,7,n
7th,7,n
8,7,n
_can_,7,n
_could_,7,n
_does_,7,n
_have_,7,n
_may_,7,n
_that,7,n
_were_,7,n
abhor,7,n
abominably,7,n
abrupt,7,n
accession,7,n
accomplish,7,n
accounted,7,n
accustomary,7,n
acquaint,7,n
acquirements,7,n
admirably,7,n
admires,7,n
admittance,7,n
adopted,7,n
adorned,7,n
adventures,7,n
affectedly,7,n
affronted,7,n
aggravation,7,n
agitations,7,n
agonies,7,n
airing,7,n
anderson,7,n
anguish,7,n
apologise,7,n
apologising,7,n
apologize,7,n
applications,7,n
archly,7,n
associate,7,n
associations,7,n
assume,7,n
assuming,7,n
attacked,7,n
attacks,7,n
avarice,7,n
avowal,7,n
beware,7,n
blank,7,n
breathing,7,n
butcher,7,n
canvassed,7,n
cap,7,n
carelessness,7,n
cautiously,7,n
channel,7,n
charmed,7,n
cherished,7,n
child's,7,n
chloe,7,n
choosing,7,n
clearing,7,n
clouded,7,n
club,7,n
commend,7,n
compatible,7,n
complained,7,n
complimented,7,n
condemnation,7,n
condescended,7,n
conduit,7,n
confine,7,n
confirming,7,n
consisted,7,n
consoled,7,n
constrained,7,n
construction,7,n
contemptuous,7,n
contributing,7,n
conversed,7,n
copied,7,n
copies,7,n
courtesy,7,n
cox,7,n
curtains,7,n
dashing,7,n
dated,7,n
deceit,7,n
deceitful,7,n
deepest,7,n
defective,7,n
deferred,7,n
deficiencies,7,n
degradation,7,n
degrading,7,n
deliberately,7,n
delights,7,n
demanding,7,n
demure,7,n
depending,7,n
deprive,7,n
desert,7,n
deserts,7,n
desiring,7,n
destination,7,n
determining,7,n
detestable,7,n
dialogue,7,n
dictated,7,n
diffident,7,n
dimensions,7,n
disapprove,7,n
discharged,7,n
disclosure,7,n
disgraced,7,n
dish,7,n
dispense,7,n
dispersed,7,n
distribute,7,n
distributing,7,n
divine,7,n
dogs,7,n
doings,7,n
doomed,7,n
dorsetshire,7,n
doubly,7,n
dowager,7,n
drank,7,n
dresses,7,n
duped,7,n
dust,7,n
earl,7,n
eclat,7,n
elevation,7,n
eloquent,7,n
embraced,7,n
embracing,7,n
enquire,7,n
ensued,7,n
entailed,7,n
envied,7,n
equality,7,n
equalled,7,n
esq,7,n
estimable,7,n
everyday,7,n
exalted,7,n
exceeding,7,n
exchanged,7,n
excursion,7,n
excusable,7,n
exhibition,7,n
expressly,7,n
extremity,7,n
fastidious,7,n
fated,7,n
fearfully,7,n
fellows,7,n
finger,7,n
fishing,7,n
folded,7,n
forego,7,n
foreign,7,n
foreseeing,7,n
foresight,7,n
forte,7,n
frederick's,7,n
fuss,7,n
glasses,7,n
graciousness,7,n
greatness,7,n
grievances,7,n
groom,7,n
growth,7,n
guessing,7,n
harmless,7,n
hastening,7,n
headed,7,n
hereabouts,7,n
heroic,7,n
hodges,7,n
hospitable,7,n
hotel,7,n
housemaids,7,n
hysterics,7,n
illiterate,7,n
imaginations,7,n
imagining,7,n
impelled,7,n
impressed,7,n
inadequate,7,n
incivility,7,n
incompatible,7,n
indecision,7,n
infection,7,n
inferred,7,n
injunction,7,n
insignificance,7,n
instinctively,7,n
insulted,7,n
interrupting,7,n
involuntary,7,n
involving,7,n
irksome,7,n
irritable,7,n
iv,7,n
jokes,7,n
joyous,7,n
july,7,n
kill,7,n
kiss,7,n
knees,7,n
knightleys,7,n
lakes,7,n
landau,7,n
laughter,7,n
legal,7,n
lesleys,7,n
lesser,7,n
lessons,7,n
level,7,n
lift,7,n
lighted,7,n
limbs,7,n
located,7,n
louder,7,n
lowering,7,n
maddox,7,n
mainwaring's,7,n
majesty,7,n
managed,7,n
marriages,7,n
master's,7,n
matches,7,n
meanly,7,n
memories,7,n
messages,7,n
messenger,7,n
minutely,7,n
misapprehension,7,n
miserably,7,n
mistakes,7,n
mixing,7,n
monarch,7,n
mysterious,7,n
naming,7,n
nancy,7,n
nephew's,7,n
nicest,7,n
nobly,7,n
nodding,7,n
noon,7,n
objected,7,n
objecting,7,n
observant,7,n
obstinacy,7,n
occurrence,7,n
occurrences,7,n
occurring,7,n
overcoming,7,n
overtaken,7,n
partially,7,n
partridge,7,n
passions,7,n
patronage,7,n
pavement,7,n
persevering,7,n
persisted,7,n
persisting,7,n
physician,7,n
pieces,7,n
pitch,7,n
pitying,7,n
plagued,7,n
plainer,7,n
planning,7,n
plantations,7,n
pleasantness,7,n
poignant,7,n
pointedly,7,n
politics,7,n
portrait,7,n
portraits,7,n
possessions,7,n
practised,7,n
pratt,7,n
preaching,7,n
premises,7,n
prettier,7,n
prison,7,n
privations,7,n
proclaimed,7,n
professing,7,n
projected,7,n
properest,7,n
proposing,7,n
proprietor,7,n
protestations,7,n
provocation,7,n
publication,7,n
pug,7,n
quantity,7,n
raillery,7,n
readers,7,n
refreshing,7,n
reginald's,7,n
regulated,7,n
rejoined,7,n
relenting,7,n
reliance,7,n
reluctant,7,n
renewing,7,n
repaired,7,n
replies,7,n
representations,7,n
repressed,7,n
repulsive,7,n
requesting,7,n
resented,7,n
resident,7,n
respective,7,n
rested,7,n
restoring,7,n
restraints,7,n
restrictions,7,n
retract,7,n
retreated,7,n
returns,7,n
revealed,7,n
revive,7,n
ribbon,7,n
riches,7,n
rivet,7,n
rooke,7,n
rumour,7,n
sagacity,7,n
sakes,7,n
sank,7,n
sarah,7,n
scholar,7,n
scrape,7,n
screened,7,n
seating,7,n
seemingly,7,n
serenity,7,n
shift,7,n
shillings,7,n
similarity,7,n
slipped,7,n
softness,7,n
solemnly,7,n
species,7,n
specimen,7,n
splendour,7,n
stating,7,n
stationed,7,n
steep,7,n
stock,7,n
store,7,n
strikes,7,n
strikingly,7,n
struggling,7,n
successfully,7,n
successively,7,n
summon,7,n
supplication,7,n
sweets,7,n
sympathetic,7,n
temporary,7,n
term,7,n
timber,7,n
timid,7,n
timidity,7,n
topics,7,n
torture,7,n
trifles,7,n
u.s,7,n
unanswerable,7,n
undergone,7,n
unintelligible,7,n
unlooked,7,n
unnecessarily,7,n
unnoticed,7,n
unquestionably,7,n
unreasonably,7,n
unsuitable,7,n
untoward,7,n
urgency,7,n
vale,7,n
vary,7,n
vent,7,n
vi,7,n
vicinity,7,n
viewing,7,n
vigour,7,n
vii,7,n
viii,7,n
vile,7,n
waiter,7,n
walker,7,n
wandered,7,n
wasted,7,n
weaken,7,n
wealthy,7,n
week's,7,n
westgate,7,n
whims,7,n
wilful,7,n
wisdom,7,n
wonderfully,7,n
wont,7,n
wounding,7,n
xi,7,n
xii,7,n
xiii,7,n
xv,7,n
xvi,7,n
xvii,7,n
xviii,7,n
yellow,7,n
zealous,7,n
1st,6,n
20,6,n
5th,6,n
_at_,6,n
_be_,6,n
_first_,6,n
_has_,6,n
_own_,6,n
_shall_,6,n
_to_,6,n
accusation,6,n
aches,6,n
acknowledgments,6,n
adventure,6,n
advising,6,n
aim,6,n
alertness,6,n
alterations,6,n
amid,6,n
andrews,6,n
anew,6,n
animal,6,n
animate,6,n
answerable,6,n
anticipating,6,n
anxieties,6,n
apprehend,6,n
arts,6,n
ascending,6,n
asp,6,n
assemblies,6,n
assumed,6,n
attained,6,n
attic,6,n
awoke,6,n
barbarous,6,n
bare,6,n
bargain,6,n
bartlett's,6,n
basin,6,n
beautifully,6,n
beef,6,n
bidding,6,n
blaize,6,n
blown,6,n
boat,6,n
bodily,6,n
boiled,6,n
boldly,6,n
bordered,6,n
borrowed,6,n
bottle,6,n
bows,6,n
boxes,6,n
breast,6,n
breathed,6,n
breathless,6,n
brighter,6,n
brow,6,n
buried,6,n
burning,6,n
busily,6,n
calculation,6,n
calculations,6,n
cart,6,n
chairs,6,n
chicken,6,n
chimney,6,n
chorus,6,n
circumstanced,6,n
clearness,6,n
clergy,6,n
clergymen,6,n
climate,6,n
closer,6,n
colours,6,n
commanding,6,n
commands,6,n
commended,6,n
comparisons,6,n
condemned,6,n
confidante,6,n
confounded,6,n
congratulation,6,n
conscientious,6,n
contact,6,n
convent,6,n
copying,6,n
corps,6,n
cottages,6,n
cotton,6,n
courtship,6,n
cowper,6,n
crescent,6,n
crimes,6,n
cured,6,n
curtsey,6,n
dangers,6,n
darkness,6,n
dawdling,6,n
dears,6,n
deceiving,6,n
december,6,n
delicious,6,n
deplorable,6,n
descend,6,n
descent,6,n
despaired,6,n
destruction,6,n
detached,6,n
detaining,6,n
development,6,n
diffused,6,n
diligence,6,n
diminution,6,n
dint,6,n
disagreable,6,n
disconcerted,6,n
discontented,6,n
discuss,6,n
disrespect,6,n
dissimilar,6,n
distribution,6,n
dixon's,6,n
doubtingly,6,n
drops,6,n
drummond,6,n
duly,6,n
easiest,6,n
elderly,6,n
elegancies,6,n
elegantly,6,n
elevate,6,n
eligibility,6,n
ellen,6,n
elliots,6,n
emphasis,6,n
employing,6,n
encumbrance,6,n
endowed,6,n
enduring,6,n
engross,6,n
enraged,6,n
entreating,6,n
equals,6,n
equipage,6,n
err,6,n
estates,6,n
eternal,6,n
eventually,6,n
evidence,6,n
exceeded,6,n
exit,6,n
expressively,6,n
extinguished,6,n
eyeing,6,n
faded,6,n
fagged,6,n
failure,6,n
fainted,6,n
fainting,6,n
fasten,6,n
fat,6,n
fatal,6,n
favourites,6,n
favours,6,n
feminine,6,n
fetched,6,n
fireside,6,n
flowers,6,n
footman,6,n
forbade,6,n
ford,6,n
forwarded,6,n
forwarding,6,n
frasers,6,n
freckles,6,n
gardiners,6,n
gathered,6,n
gathering,6,n
generality,6,n
gentlemen's,6,n
gipsies,6,n
glanced,6,n
gossip,6,n
gowns,6,n
gradual,6,n
gray's,6,n
grievance,6,n
grows,6,n
guardian,6,n
guardianship,6,n
gustavus,6,n
hallooing,6,n
hardships,6,n
hart,6,n
hasten,6,n
headstrong,6,n
heartfelt,6,n
heavily,6,n
helping,6,n
heroine's,6,n
histories,6,n
hostess,6,n
humiliating,6,n
hundreds,6,n
hunter,6,n
hysterical,6,n
illiberal,6,n
imaginable,6,n
immense,6,n
immovable,6,n
impediment,6,n
imperfect,6,n
imperfection,6,n
imply,6,n
inch,6,n
incline,6,n
incommoded,6,n
indelicacy,6,n
indolence,6,n
inequality,6,n
infamous,6,n
infamy,6,n
inflict,6,n
ingenious,6,n
inhabit,6,n
inhabited,6,n
inheriting,6,n
inimitable,6,n
injuries,6,n
insinuating,6,n
insipidity,6,n
insupportable,6,n
interfering,6,n
intolerable,6,n
invaluable,6,n
isabel,6,n
italy,6,n
jackson,6,n
job,6,n
jones,6,n
jump,6,n
juster,6,n
keen,6,n
keener,6,n
king's,6,n
knocking,6,n
landed,6,n
landscape,6,n
lanes,6,n
lap,6,n
largest,6,n
laughingly,6,n
lavender,6,n
liberally,6,n
liberties,6,n
lieu,6,n
lightly,6,n
limits,6,n
liveliest,6,n
livery,6,n
local,6,n
lodging,6,n
lofty,6,n
mankind,6,n
manly,6,n
market,6,n
meadow,6,n
moonlight,6,n
morlands,6,n
mounted,6,n
movements,6,n
murdered,6,n
mutually,6,n
narrowly,6,n
neatness,6,n
needful,6,n
needlework,6,n
neglecting,6,n
neighbouring,6,n
netting,6,n
newspapers,6,n
nicety,6,n
nominally,6,n
nowadays,6,n
nursed,6,n
oak,6,n
obligations,6,n
observance,6,n
obstacle,6,n
omitted,6,n
ordination,6,n
pacing,6,n
painter,6,n
passionately,6,n
paternal,6,n
patron,6,n
pensive,6,n
perceptible,6,n
performers,6,n
permanent,6,n
perry's,6,n
persist,6,n
perverse,6,n
phillips's,6,n
philosophic,6,n
pin,6,n
placid,6,n
plate,6,n
player,6,n
pleasantest,6,n
poorly,6,n
popularity,6,n
port,6,n
position,6,n
posted,6,n
posture,6,n
praises,6,n
preceded,6,n
precipitate,6,n
prejudices,6,n
prepossession,6,n
preserving,6,n
print,6,n
privately,6,n
profusion,6,n
proposition,6,n
prose,6,n
proudly,6,n
published,6,n
pulse,6,n
punctuality,6,n
purport,6,n
queer,6,n
quieted,6,n
quiz,6,n
ranked,6,n
rare,6,n
rattle,6,n
ravenshaw,6,n
reappeared,6,n
reasoning,6,n
reasonings,6,n
rebecca's,6,n
reckon,6,n
refer,6,n
refresh,6,n
regain,6,n
regularity,6,n
relates,6,n
reminding,6,n
repine,6,n
resembled,6,n
residing,6,n
resignation,6,n
retain,6,n
retaining,6,n
retire,6,n
retreating,6,n
richer,6,n
rides,6,n
rivers,6,n
robert's,6,n
rudeness,6,n
rupture,6,n
rushworths,6,n
sacred,6,n
sacrificing,6,n
sadness,6,n
sally,6,n
salutation,6,n
sameness,6,n
screens,6,n
secondary,6,n
secrets,6,n
selected,6,n
sends,6,n
servant's,6,n
shabby,6,n
sheets,6,n
shilling,6,n
shining,6,n
shortness,6,n
shot,6,n
shrink,6,n
significantly,6,n
signs,6,n
slighting,6,n
sloop,6,n
smallridge,6,n
solicitation,6,n
sophy,6,n
speaker,6,n
spoil,6,n
spots,6,n
starved,6,n
stays,6,n
stirring,6,n
stockings,6,n
stoutly,6,n
stretched,6,n
string,6,n
stroke,6,n
stroll,6,n
stubborn,6,n
substantial,6,n
sucklings,6,n
suits,6,n
suppress,6,n
swell,6,n
swelled,6,n
swept,6,n
tale,6,n
taller,6,n
task,6,n
tastes,6,n
taunton,6,n
teased,6,n
tend,6,n
tending,6,n
threatening,6,n
tie,6,n
tied,6,n
tolerate,6,n
tonight,6,n
toothpick,6,n
tough,6,n
traced,6,n
transient,6,n
treachery,6,n
trunk,6,n
unattended,6,n
unavoidable,6,n
understands,6,n
undone,6,n
unhappily,6,n
uniformly,6,n
unmanageable,6,n
unmerited,6,n
unqualified,6,n
uppermost,6,n
uske,6,n
vanished,6,n
vernon's,6,n
victuals,6,n
viewed,6,n
volumes,6,n
wander,6,n
warmed,6,n
watchful,6,n
watchfulness,6,n
wavering,6,n
weakened,6,n
wearied,6,n
whitwell,6,n
whomsoever,6,n
wickedness,6,n
wilhelminus,6,n
windsor,6,n
withdraw,6,n
wrapt,6,n
wretch,6,n
ye,6,n
yesterday's,6,n
17,5,n
1811,5,n
3rd,5,n
6th,5,n
8th,5,n
_any_,5,n
_appearance_,5,n
_cecilia_,5,n
_never_,5,n
_ought_,5,n
_out_,5,n
_the_,5,n
_their_,5,n
abandoned,5,n
abide,5,n
abruptness,5,n
abundantly,5,n
abusing,5,n
accommodating,5,n
accosted,5,n
accounting,5,n
accusations,5,n
actuated,5,n
acuteness,5,n
addicted,5,n
admirals,5,n
adorable,5,n
adoration,5,n
advancement,5,n
adviser,5,n
affirmative,5,n
alienated,5,n
alluding,5,n
altar,5,n
altering,5,n
alternately,5,n
ambitious,5,n
angrily,5,n
annesley,5,n
annuity,5,n
appealed,5,n
apricot,5,n
argue,5,n
arrogance,5,n
aspired,5,n
assertions,5,n
assiduous,5,n
assistant,5,n
atone,5,n
attendants,5,n
attorney,5,n
augmented,5,n
austen's,5,n
availed,5,n
averted,5,n
avowed,5,n
awaken,5,n
backgammon,5,n
baddeley,5,n
basis,5,n
bateses,5,n
battle,5,n
befall,5,n
behindhand,5,n
beleived,5,n
bespeak,5,n
bingleys,5,n
blockhead,5,n
blushes,5,n
boarder,5,n
boot,5,n
bordering,5,n
borrow,5,n
bragge,5,n
bridge,5,n
bridget,5,n
burn,5,n
burnt,5,n
bursts,5,n
bury,5,n
butter,5,n
capacity,5,n
captivate,5,n
career,5,n
cassel,5,n
chambers,5,n
characteristic,5,n
chatty,5,n
cheer,5,n
cheering,5,n
circles,5,n
circumspection,5,n
city,5,n
clair,5,n
closing,5,n
cloud,5,n
coldly,5,n
colds,5,n
collinses,5,n
comfortless,5,n
comic,5,n
commenced,5,n
comments,5,n
commissioned,5,n
commonly,5,n
competence,5,n
complaining,5,n
complimentary,5,n
comprehensive,5,n
compromise,5,n
concession,5,n
concise,5,n
condescend,5,n
condolence,5,n
confessing,5,n
confidant,5,n
confiding,5,n
congratulating,5,n
conjecturing,5,n
conquer,5,n
consenting,5,n
consternation,5,n
contemplated,5,n
contradiction,5,n
contrition,5,n
control,5,n
conveniently,5,n
converted,5,n
convictions,5,n
cooler,5,n
cough,5,n
counteracted,5,n
countries,5,n
courting,5,n
cows,5,n
coxes,5,n
cream,5,n
creation,5,n
curl,5,n
dancer,5,n
dancers,5,n
dares,5,n
darker,5,n
dawlish,5,n
deaf,5,n
debating,5,n
decency,5,n
defended,5,n
definition,5,n
delusion,5,n
denote,5,n
denoted,5,n
descended,5,n
descriptions,5,n
desperately,5,n
despondence,5,n
destitute,5,n
detach,5,n
detested,5,n
devoting,5,n
dieing,5,n
dies,5,n
differing,5,n
diffuse,5,n
disagree,5,n
disapproved,5,n
discharge,5,n
disclaimed,5,n
discoveries,5,n
disdained,5,n
disfavour,5,n
disinterestedness,5,n
disliking,5,n
dismal,5,n
dismay,5,n
disordered,5,n
displease,5,n
disrespectful,5,n
disrespectfully,5,n
dissatisfaction,5,n
distributed,5,n
dividing,5,n
donate,5,n
donavan,5,n
doted,5,n
dozens,5,n
draught,5,n
drawers,5,n
draws,5,n
dupe,5,n
dutiful,5,n
earthly,5,n
edge,5,n
edition,5,n
editions,5,n
effected,5,n
efficacy,5,n
eggs,5,n
elbow,5,n
elms,5,n
eminence,5,n
endangered,5,n
enlightened,5,n
enquiring,5,n
ensured,5,n
enumerating,5,n
escorted,5,n
essay,5,n
essex,5,n
evening's,5,n
examples,5,n
exerting,5,n
expeditiously,5,n
experiencing,5,n
explicit,5,n
exposure,5,n
extracts,5,n
fairer,5,n
fairest,5,n
fan,5,n
fanciful,5,n
farthest,5,n
fascination,5,n
fashions,5,n
favoured,5,n
feebleness,5,n
feed,5,n
felicities,5,n
fidelity,5,n
fields,5,n
finis,5,n
fireplace,5,n
firmer,5,n
fitzgerald,5,n
fitzwilliam's,5,n
flat,5,n
flying,5,n
fonder,5,n
forbear,5,n
forbidding,5,n
forfeit,5,n
forgets,5,n
fraternal,5,n
fret,5,n
frivolous,5,n
frown,5,n
fruitless,5,n
fulfilled,5,n
gazing,5,n
generation,5,n
gilbert,5,n
girl's,5,n
glare,5,n
gloried,5,n
gloucestershire,5,n
graham,5,n
graver,5,n
greatcoat,5,n
grievously,5,n
guarding,5,n
gun,5,n
habitual,5,n
halton,5,n
hang,5,n
harden,5,n
hates,5,n
hating,5,n
hatred,5,n
haughty,5,n
hayters,5,n
heal,5,n
hearers,5,n
heavenly,5,n
heedless,5,n
heiress,5,n
hesitating,5,n
hesitations,5,n
hindrance,5,n
historians,5,n
hit,5,n
hoarse,5,n
holiday,5,n
homes,5,n
hop,5,n
horribly,5,n
hourly,5,n
humouredly,5,n
humph,5,n
hundredth,5,n
hunt,5,n
hush,5,n
impaired,5,n
impartiality,5,n
imperfectly,5,n
imprisonment,5,n
incensed,5,n
incessantly,5,n
include,5,n
inconstant,5,n
incredulity,5,n
incurred,5,n
independently,5,n
indescribable,5,n
indignantly,5,n
indignity,5,n
indisputable,5,n
inexpressibly,5,n
infer,5,n
infirm,5,n
inflicting,5,n
innocently,5,n
insincere,5,n
insinuations,5,n
instantaneously,5,n
intentionally,5,n
interchange,5,n
intimation,5,n
invent,5,n
inventing,5,n
investigation,5,n
irrational,5,n
irresolute,5,n
irritate,5,n
jest,5,n
jumping,5,n
lain,5,n
landing,5,n
landlord,5,n
lansdown,5,n
laurina's,5,n
leaf,5,n
lend,5,n
levity,5,n
lid,5,n
lifted,5,n
lightened,5,n
limitation,5,n
liquor,5,n
littleness,5,n
locked,5,n
loudly,5,n
lover's,5,n
lowest,5,n
lucas's,5,n
luxuries,5,n
luxurious,5,n
madame,5,n
malice,5,n
marking,5,n
marks,5,n
marries,5,n
meanness,5,n
mediterranean,5,n
merited,5,n
mighty,5,n
military,5,n
minutiae,5,n
mischievous,5,n
mistress's,5,n
misunderstand,5,n
modes,5,n
mood,5,n
moon,5,n
morrow's,5,n
mortal,5,n
mortifications,5,n
mount,5,n
mountains,5,n
murder,5,n
musings,5,n
narrative,5,n
newly,5,n
oath,5,n
obey,5,n
oneself,5,n
oppression,5,n
orchard,5,n
otway,5,n
overflowing,5,n
overpower,5,n
overtook,5,n
owens,5,n
owes,5,n
owning,5,n
owns,5,n
paces,5,n
painted,5,n
painting,5,n
pangs,5,n
pardonable,5,n
pardoned,5,n
parklands,5,n
partake,5,n
participation,5,n
payment,5,n
pearls,5,n
permanently,5,n
permit,5,n
persuasions,5,n
pert,5,n
petticoat,5,n
pies,5,n
pink,5,n
plantation,5,n
players,5,n
plead,5,n
poet,5,n
pope,5,n
possessor,5,n
postilion,5,n
practising,5,n
prayer,5,n
preacher,5,n
precaution,5,n
preferable,5,n
premature,5,n
preparatory,5,n
prepossessing,5,n
presided,5,n
presuming,5,n
pretension,5,n
printed,5,n
prized,5,n
process,5,n
prodigiously,5,n
projecting,5,n
projects,5,n
pronouncing,5,n
propensities,5,n
propensity,5,n
proportions,5,n
provisions,5,n
pulled,5,n
puppies,5,n
puppy,5,n
purchases,5,n
purposes,5,n
pushing,5,n
quadrille,5,n
quickened,5,n
quietness,5,n
rage,5,n
raises,5,n
ramble,5,n
rant,5,n
rays,5,n
realised,5,n
recourse,5,n
recurrence,5,n
referred,5,n
reform,5,n
rejection,5,n
relied,5,n
relish,5,n
remedy,5,n
remorse,5,n
rendering,5,n
repentance,5,n
replacement,5,n
reprehensible,5,n
reproaching,5,n
repton,5,n
restoration,5,n
resulting,5,n
resuming,5,n
retreat,5,n
reverted,5,n
revival,5,n
reviving,5,n
richardson,5,n
richly,5,n
riddle,5,n
riot,5,n
robinson,5,n
rocks,5,n
roman,5,n
row,5,n
runs,5,n
safest,5,n
scarce,5,n
scarlet,5,n
scheming,5,n
scissors,5,n
scorned,5,n
seas,5,n
seizure,5,n
separating,5,n
shed,5,n
shepherd's,5,n
shews,5,n
shoot,5,n
shorten,5,n
shorter,5,n
shoulder,5,n
shrinking,5,n
sixty,5,n
slightingly,5,n
slumber,5,n
sneyd,5,n
sobs,5,n
soldier,5,n
solicit,5,n
solicitudes,5,n
somerset,5,n
songs,5,n
soothed,5,n
sphere,5,n
spiritless,5,n
splendid,5,n
spontaneous,5,n
sportsmen,5,n
springing,5,n
spruce,5,n
stamp,5,n
standard,5,n
stolen,5,n
stooping,5,n
stornaway,5,n
strain,5,n
strephon,5,n
struggles,5,n
subjection,5,n
submissive,5,n
submitting,5,n
subsided,5,n
subsisted,5,n
suspension,5,n
swallow,5,n
t'other,5,n
talkative,5,n
teeth,5,n
temple,5,n
tempting,5,n
terrace,5,n
terribly,5,n
test,5,n
threadbare,5,n
throne,5,n
thy,5,n
tormented,5,n
tranquillised,5,n
transactions,5,n
transition,5,n
transports,5,n
tread,5,n
tremulous,5,n
trifled,5,n
triumphantly,5,n
troubles,5,n
truest,5,n
tumult,5,n
tunbridge,5,n
tune,5,n
turkey,5,n
twisted,5,n
umbrella,5,n
unalterable,5,n
unbecoming,5,n
uncles,5,n
unconquerable,5,n
unconvinced,5,n
undecided,5,n
undertaken,5,n
undertook,5,n
undisturbed,5,n
unemployed,5,n
unfair,5,n
unfeigned,5,n
unfounded,5,n
unheard,5,n
uninterrupted,5,n
unprepared,5,n
unsafe,5,n
unsuspected,5,n
unthought,5,n
untouched,5,n
unwholesome,5,n
vague,5,n
venerable,5,n
veracity,5,n
verdure,5,n
vexations,5,n
victory,5,n
vigorous,5,n
villain,5,n
viscountess,5,n
visibly,5,n
visions,5,n
void,5,n
volunteers,5,n
vouch,5,n
ward,5,n
washing,5,n
watering,5,n
wept,5,n
western,5,n
widower,5,n
wildly,5,n
withdrawing,5,n
withstand,5,n
woody,5,n
xix,5,n
xxix,5,n
xxvi,5,n
xxxiii,5,n
xxxiv,5,n
xxxvi,5,n
12,4,n
15,4,n
16,4,n
1797,4,n
1803,4,n
21,4,n
28th,4,n
30,4,n
_am_,4,n
_are_,4,n
_elinor,4,n
_first,4,n
_half_,4,n
_him,4,n
_just_,4,n
_little_,4,n
_mine_,4,n
_miss_,4,n
_now,4,n
_our_,4,n
_tete,4,n
_told_,4,n
_yours_,4,n
abatement,4,n
abbey_,4,n
abhorred,4,n
ability,4,n
absenting,4,n
abstraction,4,n
accents,4,n
accord,4,n
accordant,4,n
accurate,4,n
accurately,4,n
aching,4,n
acquire,4,n
acres,4,n
additions,4,n
admirers,4,n
admission,4,n
adored,4,n
affable,4,n
affirm,4,n
aghast,4,n
agitating,4,n
airy,4,n
alert,4,n
alleviation,4,n
allude,4,n
allusions,4,n
alphabet,4,n
amounting,4,n
analogy,4,n
anecdote,4,n
anecdotes,4,n
ankles,4,n
annihilation,4,n
annuities,4,n
another's,4,n
apologised,4,n
applicable,4,n
approval,4,n
arrested,4,n
artifice,4,n
ascertaining,4,n
ashore,4,n
associates,4,n
astley's,4,n
atmosphere,4,n
attacking,4,n
augur,4,n
averting,4,n
backwards,4,n
base,4,n
bashful,4,n
bedroom,4,n
bedrooms,4,n
beer,4,n
befell,4,n
beheaded,4,n
believes,4,n
benches,4,n
beneficial,4,n
benwick's,4,n
bilious,4,n
bitterest,4,n
blamable,4,n
blaming,4,n
blended,4,n
blundered,4,n
bolder,4,n
bone,4,n
borders,4,n
bounded,4,n
bourgh's,4,n
bowing,4,n
bowling,4,n
boy's,4,n
breakfasted,4,n
breeze,4,n
brightening,4,n
brightest,4,n
brightness,4,n
buying,4,n
buzz,4,n
camp,4,n
candlelight,4,n
capabilities,4,n
captains,4,n
careys,4,n
carries,4,n
carter,4,n
carving,4,n
catholic,4,n
cautiousness,4,n
cells,4,n
censured,4,n
century,4,n
ceremonies,4,n
chaplain,4,n
chapters,4,n
charades,4,n
charges,4,n
cheat,4,n
cheerless,4,n
childhood,4,n
circuit,4,n
claiming,4,n
clapham,4,n
classed,4,n
clearest,4,n
clerk,4,n
closest,4,n
clothed,4,n
cluster,4,n
coarseness,4,n
coincide,4,n
coincidence,4,n
collectedly,4,n
commit,4,n
commodious,4,n
compass,4,n
competent,4,n
competition,4,n
complacently,4,n
complaisant,4,n
conception,4,n
conditions,4,n
confidently,4,n
conformity,4,n
conquered,4,n
consigned,4,n
consistency,4,n
conspicuous,4,n
consumed,4,n
consumption,4,n
contemplating,4,n
contemptuously,4,n
contract,4,n
conveniences,4,n
cooled,4,n
copse,4,n
coquetry,4,n
correspond,4,n
counsellor,4,n
counted,4,n
courses,4,n
covering,4,n
creep,4,n
crisis,4,n
criticism,4,n
cruise,4,n
cultivated,4,n
curtailed,4,n
dalrymples,4,n
damages,4,n
darting,4,n
dates,4,n
dealing,4,n
dealings,4,n
defined,4,n
deplore,4,n
deportment,4,n
deprecated,4,n
depression,4,n
deriving,4,n
descending,4,n
descried,4,n
deservedly,4,n
desirableness,4,n
desk,4,n
desperation,4,n
dessert,4,n
detailing,4,n
details,4,n
device,4,n
devise,4,n
devote,4,n
differed,4,n
diminished,4,n
dines,4,n
disagreements,4,n
disappearance,4,n
discharging,4,n
discomposure,4,n
discouraged,4,n
discouragement,4,n
discrimination,4,n
disengage,4,n
dishes,4,n
disinclined,4,n
dismissal,4,n
disperse,4,n
disservice,4,n
distracted,4,n
distractedly,4,n
distrusted,4,n
diversion,4,n
diverting,4,n
doctrine,4,n
dorothy,4,n
draughts,4,n
drunk,4,n
duets,4,n
dullness,4,n
duplicity,4,n
durable,4,n
echo,4,n
effectual,4,n
egg,4,n
eighth,4,n
elapsed,4,n
elated,4,n
embarrassing,4,n
embellishments,4,n
embrace,4,n
embraces,4,n
emily,4,n
enchanted,4,n
endearing,4,n
endowments,4,n
endurance,4,n
enemies,4,n
enhance,4,n
enlargement,4,n
ensue,4,n
ensuing,4,n
entangled,4,n
envelope,4,n
envying,4,n
equipped,4,n
equivalent,4,n
erred,4,n
estimating,4,n
etiquette,4,n
everlasting,4,n
exclusively,4,n
excursions,4,n
executed,4,n
exhibiting,4,n
expects,4,n
expence,4,n
explains,4,n
extension,4,n
extenuation,4,n
extorted,4,n
exulting,4,n
eyed,4,n
faced,4,n
fainter,4,n
familiarly,4,n
farmyard,4,n
fatiguing,4,n
feather,4,n
fed,4,n
feeble,4,n
fees,4,n
fettered,4,n
fidget,4,n
fight,4,n
fits,4,n
fitting,4,n
flannel,4,n
flirting,4,n
flowing,4,n
flown,4,n
flushed,4,n
fluttered,4,n
fondest,4,n
foolishly,4,n
footpath,4,n
foreboding,4,n
forfeited,4,n
forgave,4,n
forgetfulness,4,n
formally,4,n
format,4,n
fortnight's,4,n
foul,4,n
fretfulness,4,n
fulfil,4,n
fury,4,n
gardener,4,n
gardener's,4,n
generously,4,n
gibraltar,4,n
gifted,4,n
glances,4,n
goose,4,n
gothic,4,n
gracefully,4,n
gradation,4,n
greeted,4,n
grounded,4,n
grudged,4,n
guiding,4,n
guinea,4,n
ham,4,n
hamilton,4,n
harboured,4,n
harder,4,n
harshly,4,n
hazards,4,n
heated,4,n
heighten,4,n
heightening,4,n
heirs,4,n
henceforth,4,n
henceforward,4,n
heyday,4,n
hideous,4,n
hiding,4,n
hire,4,n
holder,4,n
hollow,4,n
hopeful,4,n
horizon,4,n
hue,4,n
hungry,4,n
hyacinth,4,n
imbibed,4,n
imitation,4,n
impassable,4,n
impertinently,4,n
impetuous,4,n
imposing,4,n
improver,4,n
impute,4,n
inconsistent,4,n
incredulous,4,n
indefatigable,4,n
indefinite,4,n
indelicate,4,n
independant,4,n
indispensably,4,n
individually,4,n
infant,4,n
informs,4,n
inherit,4,n
injudicious,4,n
injuring,4,n
inns,4,n
innumerable,4,n
inside,4,n
insidious,4,n
instinct,4,n
insufferably,4,n
insulting,4,n
intellect,4,n
intends,4,n
intermediate,4,n
internal,4,n
internally,4,n
interruptions,4,n
intimates,4,n
intrude,4,n
intruder,4,n
intruding,4,n
inured,4,n
irremediable,4,n
issued,4,n
jealousies,4,n
jemima,4,n
judges,4,n
judiciously,4,n
keenest,4,n
keys,4,n
knight,4,n
labouring,4,n
labours,4,n
lame,4,n
landlady,4,n
lazy,4,n
leant,4,n
legacy,4,n
legs,4,n
lent,4,n
lewis,4,n
licence,4,n
likeliest,4,n
linger,4,n
linked,4,n
links,4,n
lip,4,n
lists,4,n
lit,4,n
literally,4,n
lodged,4,n
lodges,4,n
loin,4,n
loose,4,n
lords,4,n
losses,4,n
lowly,4,n
lowness,4,n
luckiest,4,n
m'kenrie,4,n
macbeth,4,n
mahogany,4,n
mamma's,4,n
manor,4,n
marianne_,4,n
mature,4,n
measles,4,n
measured,4,n
mechanically,4,n
meets,4,n
memento,4,n
merciful,4,n
merest,4,n
methodical,4,n
midnight,4,n
midshipman,4,n
midsummer,4,n
millar,4,n
million,4,n
mingled,4,n
miniatures,4,n
minor,4,n
minuteness,4,n
mischance,4,n
mission,4,n
misunderstandings,4,n
moderately,4,n
modestly,4,n
monument,4,n
moor,4,n
mortals,4,n
motherly,4,n
mouths,4,n
moves,4,n
murmurs,4,n
muslins,4,n
naivete,4,n
nameless,4,n
necessaries,4,n
needle,4,n
neice,4,n
newcastle,4,n
ninth,4,n
nobility,4,n
nobody's,4,n
nodded,4,n
nods,4,n
nominal,4,n
northern,4,n
nothingness,4,n
nuptials,4,n
nut,4,n
obscurity,4,n
observances,4,n
obstacles,4,n
obviate,4,n
occupations,4,n
occupying,4,n
octagon,4,n
oddest,4,n
official,4,n
offspring,4,n
olive,4,n
omit,4,n
online,4,n
oppress,4,n
ostler,4,n
outwardly,4,n
outweigh,4,n
overjoyed,4,n
overspread,4,n
overthrow,4,n
overthrown,4,n
packing,4,n
painfully,4,n
paleness,4,n
palpably,4,n
paltry,4,n
parading,4,n
passes,4,n
pays,4,n
peculiarity,4,n
penetrated,4,n
penetrating,4,n
penitent,4,n
penny,4,n
periods,4,n
perplexed,4,n
petty,4,n
pictured,4,n
plausible,4,n
pleaded,4,n
pleasantry,4,n
pledged,4,n
pockets,4,n
pointer,4,n
policy,4,n
pompous,4,n
pondered,4,n
pondering,4,n
ponds,4,n
pony,4,n
popular,4,n
portman,4,n
possessing,4,n
possibilities,4,n
postscript,4,n
pour,4,n
pratt's,4,n
precede,4,n
precedence,4,n
precise,4,n
precision,4,n
predict,4,n
prescribed,4,n
presiding,4,n
prices,4,n
principals,4,n
production,4,n
professedly,4,n
prominent,4,n
prompter,4,n
prone,4,n
proportioned,4,n
protect,4,n
providence,4,n
publicity,4,n
publicly,4,n
pulling,4,n
purple,4,n
quadrangle,4,n
qualifications,4,n
quarrelsome,4,n
quartered,4,n
quickest,4,n
quieter,4,n
quivering,4,n
races,4,n
rains,4,n
rambling,4,n
ramsgate,4,n
rarely,4,n
reasonableness,4,n
receives,4,n
reciprocal,4,n
reckoning,4,n
recognition,4,n
rector,4,n
recur,4,n
reformation,4,n
refrained,4,n
refreshments,4,n
regained,4,n
reigns,4,n
reject,4,n
rejecting,4,n
religious,4,n
relinquished,4,n
reluctantly,4,n
remote,4,n
removals,4,n
rencontre,4,n
renew,4,n
replete,4,n
reported,4,n
repress,4,n
reprimand,4,n
reprobated,4,n
requirements,4,n
rescue,4,n
resenting,4,n
reserves,4,n
resided,4,n
resisting,4,n
respectably,4,n
resting,4,n
restlessness,4,n
resume,4,n
retiring,4,n
retort,4,n
retrench,4,n
revolution,4,n
revolving,4,n
ribbons,4,n
ridden,4,n
rings,4,n
risen,4,n
risks,4,n
rivals,4,n
roast,4,n
rock,4,n
rub,4,n
saddened,4,n
sailed,4,n
sale,4,n
salisbury,4,n
satirical,4,n
satisfactorily,4,n
scale,4,n
scanty,4,n
scenery,4,n
schoolfellow,4,n
scott,4,n
scoundrel,4,n
screamed,4,n
scrupled,4,n
sealed,4,n
secluded,4,n
seconded,4,n
seduced,4,n
sentimental,4,n
separately,4,n
sequel,4,n
seriousness,4,n
serving,4,n
sets,4,n
seventy,4,n
severest,4,n
shamefully,4,n
shedding,4,n
ships,4,n
shrubs,4,n
shrunk,4,n
shutter,4,n
sighs,4,n
simpathy,4,n
simplest,4,n
sin,4,n
sins,4,n
skeleton,4,n
slice,4,n
smallridge's,4,n
smoothly,4,n
smoothness,4,n
soil,4,n
soldiers,4,n
soliciting,4,n
southampton,4,n
sparing,4,n
special,4,n
speculations,4,n
speechless,4,n
spell,4,n
spleen,4,n
sporting,4,n
spotted,4,n
springs,4,n
squire,4,n
staffordshire,4,n
staggered,4,n
stamped,4,n
stare,4,n
stately,4,n
status,4,n
stept,4,n
stokes,4,n
stoop,4,n
stories,4,n
storms,4,n
stormy,4,n
strangely,4,n
stretching,4,n
strolling,4,n
studies,4,n
studiously,4,n
sturdy,4,n
subduing,4,n
subscribe,4,n
subsisting,4,n
successive,4,n
suffers,4,n
suitableness,4,n
superadded,4,n
superintending,4,n
superseded,4,n
supporting,4,n
supports,4,n
surmises,4,n
surpass,4,n
surpassing,4,n
surprises,4,n
surveying,4,n
suspects,4,n
sustained,4,n
sweetly,4,n
swiftly,4,n
swisserland,4,n
swoon,4,n
syllables,4,n
sympathise,4,n
tales,4,n
tallest,4,n
tame,4,n
tapestry,4,n
tart,4,n
tasted,4,n
tediousness,4,n
tempest,4,n
temples,4,n
temptations,4,n
termed,4,n
termination,4,n
terrific,4,n
tete_,4,n
theatricals,4,n
their's,4,n
thinner,4,n
thoughtfully,4,n
tickets,4,n
tide,4,n
tidy,4,n
ties,4,n
token,4,n
tones,4,n
tormenting,4,n
touches,4,n
touching,4,n
tragic,4,n
tranquillise,4,n
transfer,4,n
traveller,4,n
tray,4,n
treading,4,n
tremendous,4,n
tricked,4,n
truer,4,n
twickenham,4,n
twilight,4,n
tyranny,4,n
umbrellas,4,n
unabated,4,n
unalloyed,4,n
unanimous,4,n
unbroken,4,n
unchanged,4,n
undaunted,4,n
undertakes,4,n
undervalued,4,n
undervoice,4,n
undeserving,4,n
undesirable,4,n
undoubted,4,n
unembarrassed,4,n
unfeelingly,4,n
unfelt,4,n
unfinished,4,n
unfixed,4,n
unfrequently,4,n
unfriendly,4,n
unimportant,4,n
unison,4,n
unknowingly,4,n
unobtrusive,4,n
unpersuadable,4,n
unpleasantness,4,n
unshaken,4,n
unsuccessfully,4,n
unused,4,n
unvarying,4,n
unwearied,4,n
uttering,4,n
vainly,4,n
variations,4,n
vehemence,4,n
veil,4,n
velvet,4,n
vernons,4,n
verses,4,n
victim,4,n
vigorously,4,n
violation,4,n
viscount,4,n
volubility,4,n
wainscot,4,n
waistcoat,4,n
wallis's,4,n
wars,4,n
website,4,n
weekly,4,n
welcoming,4,n
westminster,4,n
whichever,4,n
whitaker,4,n
wilfully,4,n
willed,4,n
win,4,n
wiping,4,n
withhold,4,n
withstood,4,n
wits,4,n
woe,4,n
woodhouses,4,n
worlds,4,n
worry,4,n
wright,4,n
xl,4,n
xli,4,n
xx,4,n
xxi,4,n
xxii,4,n
xxiii,4,n
xxiv,4,n
xxv,4,n
xxvii,4,n
xxviii,4,n
xxx,4,n
xxxi,4,n
xxxii,4,n
xxxix,4,n
xxxv,4,n
xxxvii,4,n
xxxviii,4,n
yew,4,n
younge,4,n
yrs,4,n
11,3,n
13,3,n
13th,3,n
14,3,n
14th,3,n
15th,3,n
18,3,n
19,3,n
22,3,n
22nd,3,n
23,3,n
24,3,n
25,3,n
26th,3,n
2d,3,n
57,3,n
98,3,n
_almost_,3,n
_been_,3,n
_emma_,3,n
_heard_,3,n
_her,3,n
_hers_,3,n
_julia_,3,n
_mansfield,3,n
_mr,3,n
_mrs,3,n
_near_,3,n
_northanger,3,n
_of_,3,n
_once_,3,n
_only_,3,n
_persuasion_,3,n
_present_,3,n
_read_,3,n
_such_,3,n
_think_,3,n
_three_,3,n
_time_,3,n
_what_,3,n
_wish_,3,n
_you,3,n
aberdeen,3,n
abominate,3,n
abstain,3,n
absurdities,3,n
accountable,3,n
ached,3,n
achieved,3,n
acquittal,3,n
acre,3,n
actor,3,n
actors,3,n
adds,3,n
adequate,3,n
adhering,3,n
administer,3,n
administering,3,n
advantageously,3,n
adverse,3,n
advertised,3,n
advertisement,3,n
afflictions,3,n
affords,3,n
affronting,3,n
afloat,3,n
agent,3,n
agitate,3,n
akin,3,n
alarmingly,3,n
alighted,3,n
alliances,3,n
amity,3,n
amounted,3,n
amuses,3,n
ankle,3,n
anna,3,n
annexed,3,n
annum,3,n
anticipate,3,n
anticipations,3,n
antwerp,3,n
apace,3,n
apparel,3,n
apprehending,3,n
appropriated,3,n
arbour,3,n
archbishop,3,n
archness,3,n
ardently,3,n
argued,3,n
arguing,3,n
arrivals,3,n
arrowroot,3,n
articulate,3,n
artist,3,n
artlessness,3,n
asparagus,3,n
assembling,3,n
asserting,3,n
assiduities,3,n
atoned,3,n
attainable,3,n
attaining,3,n
attire,3,n
attracting,3,n
augment,3,n
authorising,3,n
authoritative,3,n
authorized,3,n
authors,3,n
average,3,n
avoidance,3,n
avowedly,3,n
await,3,n
awed,3,n
awkwardly,3,n
awkwardnesses,3,n
bachelor,3,n
background,3,n
bade,3,n
badness,3,n
bailiff,3,n
baize,3,n
baldwin,3,n
banks,3,n
banners,3,n
baronet's,3,n
baronetcy,3,n
baronets,3,n
bars,3,n
based,3,n
basil,3,n
bathed,3,n
bearer,3,n
beaten,3,n
beauteous,3,n
befriended,3,n
beginnings,3,n
belle,3,n
belmont,3,n
bequeath,3,n
beseech,3,n
bespoke,3,n
biased,3,n
bickerton,3,n
bills,3,n
biographer,3,n
birds,3,n
birmingham,3,n
biscuits,3,n
bits,3,n
blamelessly,3,n
blaze,3,n
blinds,3,n
blot,3,n
blunt,3,n
boasting,3,n
bodies,3,n
bones,3,n
bookcase,3,n
bookseller,3,n
boyish,3,n
briskly,3,n
british,3,n
broader,3,n
brook,3,n
brotherly,3,n
brute,3,n
bursting,3,n
butcher's,3,n
camilla,3,n
canal,3,n
candidly,3,n
cape,3,n
captivated,3,n
cardinal,3,n
caro,3,n
caroline's,3,n
carpenter,3,n
casements,3,n
cash,3,n
castles,3,n
cattle,3,n
caused,3,n
causeless,3,n
cautions,3,n
cavil,3,n
ceiling,3,n
celebration,3,n
centered,3,n
chains,3,n
chariot,3,n
chattering,3,n
chatting,3,n
cheated,3,n
cheered,3,n
cherish,3,n
cherishing,3,n
christened,3,n
christopher,3,n
circulating,3,n
clamorous,3,n
clandestine,3,n
classing,3,n
clean,3,n
cleaned,3,n
clemency,3,n
cleverer,3,n
cliff,3,n
closets,3,n
cloth,3,n
clothe,3,n
colder,3,n
collation,3,n
combat,3,n
combination,3,n
combine,3,n
commencement,3,n
commiseration,3,n
compact,3,n
complains,3,n
completing,3,n
compounded,3,n
compressed,3,n
comprise,3,n
compunction,3,n
conceiving,3,n
conciliating,3,n
concisely,3,n
conclusions,3,n
conduce,3,n
conducive,3,n
confederacy,3,n
conferring,3,n
congratulatory,3,n
conquering,3,n
consequential,3,n
considerately,3,n
consisting,3,n
consolatory,3,n
contemplate,3,n
contended,3,n
contention,3,n
continues,3,n
contraction,3,n
contradictory,3,n
contrives,3,n
conundrum,3,n
conversable,3,n
convert,3,n
cope,3,n
coquette,3,n
corrected,3,n
correctly,3,n
corresponded,3,n
correspondents,3,n
corrupted,3,n
cottager,3,n
council,3,n
counsels,3,n
countenances,3,n
counter,3,n
counterbalance,3,n
countless,3,n
couples,3,n
courtesies,3,n
cover,3,n
covert,3,n
cow,3,n
cravats,3,n
crayons,3,n
creditors,3,n
crept,3,n
criminal,3,n
cromer,3,n
crowds,3,n
cultivation,3,n
cumberland,3,n
current,3,n
curse,3,n
cursed,3,n
cushions,3,n
dab,3,n
damps,3,n
dash,3,n
david,3,n
daylight,3,n
debated,3,n
decay,3,n
deceased,3,n
decisions,3,n
declarations,3,n
decree,3,n
deduction,3,n
defied,3,n
defying,3,n
degrade,3,n
deigned,3,n
delamere,3,n
delaying,3,n
deliberating,3,n
deliver,3,n
deliverance,3,n
delivery,3,n
demean,3,n
demerits,3,n
dentist,3,n
departing,3,n
deplored,3,n
deposit,3,n
depravity,3,n
deranged,3,n
derivative,3,n
desertion,3,n
designedly,3,n
designing,3,n
desolate,3,n
despising,3,n
destroyer,3,n
detaching,3,n
detailed,3,n
detecting,3,n
deviation,3,n
dexterity,3,n
differences,3,n
digression,3,n
dilatory,3,n
dim,3,n
discipline,3,n
disclaimer,3,n
disclaiming,3,n
discompose,3,n
discourage,3,n
discussing,3,n
disguised,3,n
disheartened,3,n
dismiss,3,n
disobliging,3,n
dispel,3,n
dispirited,3,n
disposing,3,n
disproportion,3,n
disputes,3,n
disquiet,3,n
dissent,3,n
dissimilarity,3,n
dissipations,3,n
dissolved,3,n
distaste,3,n
distract,3,n
diversified,3,n
divorce,3,n
dixons,3,n
doat,3,n
doer,3,n
dog,3,n
dominion,3,n
donkey,3,n
dont,3,n
doubled,3,n
draper,3,n
dreamer,3,n
dreamt,3,n
ducks,3,n
dullest,3,n
dulness,3,n
dusk,3,n
dutifully,3,n
earn,3,n
easiness,3,n
eaten,3,n
ebony,3,n
eccentric,3,n
echoed,3,n
economical,3,n
ecstasies,3,n
edged,3,n
edifice,3,n
effecting,3,n
ejaculation,3,n
elasticity,3,n
elation,3,n
elect,3,n
elliott,3,n
ellison,3,n
embarrassments,3,n
emigrant,3,n
emphatically,3,n
enabling,3,n
enclosure,3,n
encreased,3,n
encroaching,3,n
encumbered,3,n
endeared,3,n
enforce,3,n
enliven,3,n
enlivened,3,n
enormous,3,n
enrich,3,n
entity,3,n
entree,3,n
entrusted,3,n
enumeration,3,n
enviable,3,n
epistolary,3,n
epsom,3,n
equipment,3,n
erection,3,n
errands,3,n
essentially,3,n
essentials,3,n
establishing,3,n
esteeming,3,n
esteems,3,n
estimated,3,n
estranged,3,n
estrangement,3,n
evelyn,3,n
exaggerated,3,n
exaggeration,3,n
exasperate,3,n
excel,3,n
excepted,3,n
exceptions,3,n
excesses,3,n
exclude,3,n
exclusion,3,n
exempt,3,n
exercising,3,n
exhibit,3,n
existing,3,n
exorbitant,3,n
expenditure,3,n
expert,3,n
expired,3,n
explanatory,3,n
extending,3,n
exterior,3,n
extinction,3,n
exultingly,3,n
eyelashes,3,n
failings,3,n
failures,3,n
fairy,3,n
faltered,3,n
faltering,3,n
farmhouse,3,n
farthing,3,n
fastened,3,n
favouring,3,n
feasible,3,n
feeding,3,n
fickle,3,n
fickleness,3,n
fidgeted,3,n
filial,3,n
filigree,3,n
finale,3,n
finances,3,n
fires,3,n
flatteries,3,n
flavour,3,n
flirted,3,n
flowed,3,n
fluctuating,3,n
folks,3,n
folly's,3,n
foolishness,3,n
forbearing,3,n
forebodings,3,n
forerunner,3,n
forestalled,3,n
foretell,3,n
foundation’s,3,n
fox,3,n
fragrance,3,n
frances,3,n
francis,3,n
freed,3,n
fretted,3,n
friendless,3,n
frigate,3,n
fronted,3,n
frozen,3,n
frugality,3,n
fruits,3,n
fulfill,3,n
fuller,3,n
fullness,3,n
funeral,3,n
gainer,3,n
gallantries,3,n
games,3,n
gaming,3,n
gardeners,3,n
gather,3,n
gayer,3,n
gazed,3,n
georgiana's,3,n
german,3,n
gilding,3,n
gladden,3,n
glaring,3,n
glories,3,n
godfather,3,n
goings,3,n
governing,3,n
gowland,3,n
gradations,3,n
grander,3,n
grandpapa,3,n
grappler,3,n
grass,3,n
greek,3,n
greif,3,n
gretna,3,n
grieves,3,n
grosvenor,3,n
groundwork,3,n
guardians,3,n
gust,3,n
habitable,3,n
hackney,3,n
hackneyed,3,n
halves,3,n
handle,3,n
hanover,3,n
hapless,3,n
harangue,3,n
hardy,3,n
harsh,3,n
harvest,3,n
hateful,3,n
haunted,3,n
hay,3,n
hazle,3,n
heartedness,3,n
heath,3,n
hedges,3,n
hereford,3,n
heroines,3,n
hey,3,n
hid,3,n
highlands,3,n
hired,3,n
historian,3,n
hole,3,n
honouring,3,n
horsewoman,3,n
housekeeper's,3,n
housemaid's,3,n
hum,3,n
humourist,3,n
humours,3,n
hurts,3,n
hushed,3,n
hypocrite,3,n
ice,3,n
idly,3,n
illnesses,3,n
immoderately,3,n
impart,3,n
impartially,3,n
impede,3,n
impending,3,n
impenetrable,3,n
impolitic,3,n
importunate,3,n
imposition,3,n
impressions_,3,n
improves,3,n
inability,3,n
inches,3,n
incomplete,3,n
inconsiderate,3,n
inconsiderately,3,n
inconsistencies,3,n
inconsolable,3,n
incurable,3,n
indecorum,3,n
indication,3,n
indirect,3,n
indiscretion,3,n
indistinct,3,n
industriously,3,n
ineffectual,3,n
inexperience,3,n
inexperienced,3,n
infamously,3,n
infirmity,3,n
inflicted,3,n
influencing,3,n
influenza,3,n
ingenuousness,3,n
inhabitant,3,n
inherited,3,n
injunctions,3,n
inmates,3,n
innate,3,n
inquietude,3,n
insight,3,n
insincerity,3,n
insists,3,n
instability,3,n
instruct,3,n
instrument's,3,n
instrumental,3,n
insuperable,3,n
intolerably,3,n
intreat,3,n
introductions,3,n
invented,3,n
irregular,3,n
irreproachable,3,n
island,3,n
isle,3,n
japan,3,n
jointure,3,n
joking,3,n
journeys,3,n
jove,3,n
judgments,3,n
junction,3,n
junior,3,n
justifying,3,n
justness,3,n
kindled,3,n
kindred,3,n
knack,3,n
knave,3,n
knelt,3,n
knives,3,n
laboured,3,n
labourers,3,n
lad,3,n
lands,3,n
languages,3,n
lastly,3,n
laudable,3,n
laughs,3,n
laurentina's,3,n
lays,3,n
lease,3,n
leigh,3,n
leisurely,3,n
lengthen,3,n
lengths,3,n
liability,3,n
lifting,3,n
lighter,3,n
lightness,3,n
lights,3,n
litter,3,n
livings,3,n
loitered,3,n
lonely,3,n
lottery,3,n
lowered,3,n
lungs,3,n
lurking,3,n
m.d,3,n
magnitude,3,n
mail,3,n
mainwarings,3,n
majestic,3,n
malady,3,n
male,3,n
malicious,3,n
margaret's,3,n
massy,3,n
matched,3,n
materials,3,n
maxims,3,n
meals,3,n
meantime,3,n
measuring,3,n
medical,3,n
medicine,3,n
meditate,3,n
mended,3,n
merchant,3,n
mess,3,n
mid,3,n
middling,3,n
mindful,3,n
miniature,3,n
ministers,3,n
minute's,3,n
miracle,3,n
mirror,3,n
misconception,3,n
mismanagement,3,n
misses,3,n
mistresses,3,n
mob,3,n
mock,3,n
momentous,3,n
morals,3,n
morton's,3,n
motto,3,n
movement,3,n
muffin,3,n
mulberry,3,n
multiplied,3,n
multitude,3,n
murmur,3,n
murmuring,3,n
musician,3,n
mysteries,3,n
mysteriously,3,n
nanny,3,n
narrower,3,n
nasty,3,n
neatly,3,n
necessitous,3,n
needlessly,3,n
negotiation,3,n
nettles,3,n
newgate,3,n
ninety,3,n
nod,3,n
northward,3,n
noted,3,n
nothings,3,n
nurseryman,3,n
oaks,3,n
obedience,3,n
obligingly,3,n
obsolete,3,n
occurs,3,n
offences,3,n
offense,3,n
offenses,3,n
oftenest,3,n
omission,3,n
opera,3,n
operate,3,n
orchestra,3,n
orderly,3,n
orphan,3,n
ostensible,3,n
ostentation,3,n
outer,3,n
outstripped,3,n
overbearing,3,n
overhear,3,n
overhearing,3,n
overtures,3,n
owners,3,n
pacify,3,n
pack,3,n
packed,3,n
packet,3,n
paddock,3,n
paint,3,n
palate,3,n
pales,3,n
panegyric,3,n
panting,3,n
pantry,3,n
paragraphs,3,n
parent's,3,n
parishioners,3,n
park_,3,n
parley,3,n
passable,3,n
passive,3,n
patiently,3,n
payments,3,n
pelisse,3,n
penetrate,3,n
penitence,3,n
penned,3,n
pens,3,n
perforce,3,n
performer,3,n
permitting,3,n
perplexities,3,n
perrys,3,n
persecutions,3,n
personage,3,n
persuadable,3,n
pew,3,n
phaetons,3,n
philip,3,n
pick,3,n
pillow,3,n
piquet,3,n
plaguing,3,n
plaintive,3,n
planted,3,n
plentiful,3,n
plumpness,3,n
plunge,3,n
poison,3,n
pomp,3,n
ponies,3,n
popgun,3,n
populous,3,n
postilions,3,n
posts,3,n
potent,3,n
poulterer,3,n
powered,3,n
powerfully,3,n
powerless,3,n
practices,3,n
praising,3,n
precipitation,3,n
predicament,3,n
prepossessed,3,n
presentiment,3,n
presentiments,3,n
preservation,3,n
preserves,3,n
preside,3,n
presumptive,3,n
prey,3,n
princess,3,n
privileges,3,n
proclaim,3,n
produces,3,n
professional,3,n
proficient,3,n
profile,3,n
profitable,3,n
profits,3,n
prolong,3,n
protracted,3,n
proverb,3,n
proves,3,n
proxy,3,n
publish,3,n
pull,3,n
pulpit,3,n
punished,3,n
pupil,3,n
purely,3,n
putney,3,n
putrid,3,n
puzzling,3,n
pye,3,n
qualification,3,n
quotations,3,n
race,3,n
radcliffe's,3,n
rallied,3,n
rambles,3,n
random,3,n
ranting,3,n
rapturously,3,n
rascal,3,n
rationality,3,n
readable,3,n
reader's,3,n
reap,3,n
recalling,3,n
recommenced,3,n
reconciling,3,n
rectify,3,n
rectory,3,n
recurring,3,n
references,3,n
regiment's,3,n
regimentals,3,n
regulate,3,n
regulating,3,n
regulation,3,n
regulations,3,n
rehearsals,3,n
rehearsed,3,n
rehearsing,3,n
reigning,3,n
relapse,3,n
releive,3,n
releived,3,n
rely,3,n
relying,3,n
remedies,3,n
reminds,3,n
remnant,3,n
remonstrances,3,n
repeats,3,n
repented,3,n
repetitions,3,n
repining,3,n
repressing,3,n
reproofs,3,n
reproved,3,n
repulsed,3,n
reputed,3,n
requited,3,n
research,3,n
reseated,3,n
resentfully,3,n
reside,3,n
resigning,3,n
resorted,3,n
resource,3,n
resulted,3,n
results,3,n
retentive,3,n
retrospect,3,n
rev,3,n
reverting,3,n
revolted,3,n
rheumatic,3,n
ringing,3,n
rises,3,n
roasted,3,n
robbing,3,n
rooted,3,n
royalties,3,n
royalty,3,n
ruining,3,n
ruins,3,n
rushing,3,n
salary,3,n
sallow,3,n
saloon,3,n
salts,3,n
sanctioned,3,n
sands,3,n
sarcastic,3,n
sash,3,n
sate,3,n
satisfactions,3,n
satisfies,3,n
scandal,3,n
scores,3,n
scorn,3,n
scraps,3,n
screams,3,n
se'nnight,3,n
searched,3,n
seasons,3,n
secresy,3,n
securely,3,n
sedate,3,n
sedentary,3,n
seduction,3,n
seizing,3,n
seniority,3,n
sensibilities,3,n
separations,3,n
serle,3,n
shades,3,n
shady,3,n
sharade,3,n
shark,3,n
shivering,3,n
shoe,3,n
shone,3,n
shower,3,n
showery,3,n
shrewd,3,n
shropshire,3,n
shutters,3,n
sights,3,n
signal,3,n
signed,3,n
silk,3,n
simile,3,n
sinned,3,n
sits,3,n
sixpence,3,n
sixth,3,n
skinners,3,n
slope,3,n
sloping,3,n
slyness,3,n
smilingly,3,n
smiths,3,n
smoothed,3,n
sneering,3,n
snowing,3,n
softening,3,n
softer,3,n
softly,3,n
solace,3,n
solidity,3,n
soliloquy,3,n
solitariness,3,n
sophia's,3,n
sorrowfully,3,n
sorrowing,3,n
souls,3,n
sounded,3,n
sour,3,n
specimens,3,n
spectator,3,n
spontaneously,3,n
sports,3,n
sportsman,3,n
sposo,3,n
spotless,3,n
sprigged,3,n
spunging,3,n
spurned,3,n
squeeze,3,n
stability,3,n
stanhill,3,n
star,3,n
staring,3,n
stars,3,n
starts,3,n
steadfast,3,n
steadfastly,3,n
steadier,3,n
stiffness,3,n
stile,3,n
sting,3,n
stinking,3,n
stipulation,3,n
stirred,3,n
stocks,3,n
stoke,3,n
stole,3,n
stomach,3,n
straightforward,3,n
straining,3,n
strangest,3,n
strengthen,3,n
strenuously,3,n
stress,3,n
striped,3,n
stupidest,3,n
subside,3,n
substitute,3,n
substituted,3,n
sufficed,3,n
sufficiency,3,n
suffolk,3,n
summit,3,n
sung,3,n
superciliousness,3,n
superintend,3,n
suppositions,3,n
surmised,3,n
surpassed,3,n
surviving,3,n
suspiciously,3,n
swayed,3,n
swear,3,n
sweeter,3,n
swore,3,n
symmetry,3,n
synonymous,3,n
tap,3,n
teachers,3,n
teazing,3,n
tenth,3,n
terminated,3,n
terrified,3,n
tetbury,3,n
thankfulness,3,n
thee,3,n
theme,3,n
thirdly,3,n
thread,3,n
threaten,3,n
threats,3,n
thrill,3,n
thwarted,3,n
tippet,3,n
tire,3,n
tithes,3,n
toasted,3,n
toil,3,n
toilette,3,n
toils,3,n
tolerated,3,n
tooth,3,n
traces,3,n
tractable,3,n
tranquilly,3,n
transgressed,3,n
transport,3,n
treacherous,3,n
trepidation,3,n
trespass,3,n
tricking,3,n
trim,3,n
trimming,3,n
triumphing,3,n
trodden,3,n
troop,3,n
troubled,3,n
trunks,3,n
tumbling,3,n
turnpike,3,n
twentieth,3,n
ultimate,3,n
unacknowledged,3,n
unaffectedly,3,n
unanswered,3,n
unassuming,3,n
unavailing,3,n
unawares,3,n
unbending,3,n
unchecked,3,n
uncheerful,3,n
undeceive,3,n
understandings,3,n
undervalue,3,n
undressed,3,n
undue,3,n
unexampled,3,n
unforgiving,3,n
uninformed,3,n
uninteresting,3,n
unjustly,3,n
unlocked,3,n
unmarked,3,n
unmeaning,3,n
unmoved,3,n
unpleasantly,3,n
unpractised,3,n
unprejudiced,3,n
unprofitable,3,n
unpromising,3,n
unprovided,3,n
unquiet,3,n
unrestrained,3,n
unsaid,3,n
unsatisfactory,3,n
unsolicited,3,n
unspeakably,3,n
unsteadiness,3,n
unstudied,3,n
unsuited,3,n
unusually,3,n
unworthily,3,n
uprightness,3,n
upstart,3,n
user,3,n
utterly,3,n
vanish,3,n
vanities,3,n
vaulted,3,n
veal,3,n
veiw,3,n
veneration,3,n
version,3,n
vessel,3,n
vicar,3,n
vices,3,n
vicissitudes,3,n
violated,3,n
virtuous,3,n
volunteer,3,n
vouchsafe,3,n
vouchsafed,3,n
vowed,3,n
waistcoats,3,n
waits,3,n
waking,3,n
wallises,3,n
wanton,3,n
wantonly,3,n
warning,3,n
warranties,3,n
wasting,3,n
watches,3,n
waters,3,n
weakening,3,n
wearisome,3,n
weep,3,n
westward,3,n
whereabouts,3,n
whip,3,n
wider,3,n
widger,3,n
wight,3,n
wigmore,3,n
willoughbys,3,n
wilson,3,n
wiltshire,3,n
wings,3,n
wink,3,n
winning,3,n
wisher,3,n
witnesses,3,n
wolsey,3,n
womanly,3,n
worded,3,n
workmen,3,n
worried,3,n
wounds,3,n
writers,3,n
wronged,3,n
wrought,3,n
xlii,3,n
xliii,3,n
xliv,3,n
xlv,3,n
xlvi,3,n
xlvii,3,n
xlviii,3,n
yarmouth,3,n
yawn,3,n
0,2,n
"10,000",2,n
10th,2,n
1791,2,n
1792,2,n
1814,2,n
1815,2,n
1818,2,n
18th,2,n
23rd,2,n
24th,2,n
26,2,n
27,2,n
27th,2,n
28,2,n
29,2,n
2nd,2,n
31,2,n
31100,2,n
35,2,n
3d,2,n
40,2,n
41,2,n
50,2,n
55,2,n
60,2,n
90,2,n
9th,2,n
_a,2,n
_a_,2,n
_allow_,2,n
_always_,2,n
_amore_,2,n
_and_,2,n
_be'd_,2,n
_bon_,2,n
_both_,2,n
_broke_,2,n
_cannot_,2,n
_con_,2,n
_courtship_,2,n
_felt_,2,n
_general_,2,n
_hauteur_,2,n
_home_,2,n
_how_,2,n
_in,2,n
_in_,2,n
_insist_,2,n
_knew_,2,n
_know_,2,n
_lady_,2,n
_less_,2,n
_make_,2,n
_manner_,2,n
_maternal_,2,n
_me,2,n
_menus_,2,n
_most_,2,n
_not,2,n
_place_,2,n
_plaisirs_,2,n
_protege_,2,n
_right_,2,n
_robert_,2,n
_said_,2,n
_say_,2,n
_seemed_,2,n
_sensation_,2,n
_so_,2,n
_something_,2,n
_still_,2,n
_ten_,2,n
_that's_,2,n
_the,2,n
_theatre_,2,n
_these_,2,n
_times_,2,n
_tolerable_,2,n
_too_,2,n
_well_,2,n
_when_,2,n
_who_,2,n
_wished_,2,n
_with_,2,n
_within_,2,n
_without_,2,n
_younger_,2,n
abashed,2,n
abate,2,n
abbeys,2,n
abhorrent,2,n
absented,2,n
abundant,2,n
abuses,2,n
abusive,2,n
accede,2,n
acceded,2,n
accessible,2,n
accessory,2,n
accompanies,2,n
accomplishing,2,n
accordance,2,n
accrue,2,n
accumulation,2,n
acknowledgement,2,n
acquainting,2,n
acquiesce,2,n
acquiesced,2,n
acquitting,2,n
actresses,2,n
adapt,2,n
adelaide,2,n
adhered,2,n
adjusted,2,n
adjusting,2,n
administered,2,n
admissible,2,n
admonitions,2,n
adoring,2,n
advertisements,2,n
affects,2,n
affinity,2,n
affixed,2,n
afflict,2,n
afflicting,2,n
affluent,2,n
affrighted,2,n
affronts,2,n
afterpiece,2,n
afterward,2,n
aged,2,n
agreably,2,n
agrees,2,n
ailment,2,n
ailments,2,n
aiming,2,n
aired,2,n
ajar,2,n
ake,2,n
alice,2,n
alight,2,n
allayed,2,n
alleged,2,n
alleviations,2,n
allied,2,n
allies,2,n
allurements,2,n
aloof,2,n
alphabets,2,n
alps,2,n
alternate,2,n
alternation,2,n
altho,2,n
amaze,2,n
america,2,n
amiableness,2,n
amiably,2,n
ancestor,2,n
angelic,2,n
annamaria,2,n
annoyance,2,n
annual,2,n
antagonist,2,n
antiquity,2,n
anyone's,2,n
appalling,2,n
appease,2,n
appellation,2,n
applauded,2,n
apprehensively,2,n
approaches,2,n
approves,2,n
apropos,2,n
aptitude,2,n
arabella,2,n
arbitrary,2,n
arches,2,n
archibald,2,n
architecture,2,n
argyle,2,n
aright,2,n
aromatic,2,n
array,2,n
arrear,2,n
artfully,2,n
artlessly,2,n
ascent,2,n
ascii,2,n
ashburnham,2,n
ashes,2,n
asperity,2,n
aspire,2,n
assailed,2,n
assenting,2,n
assiduously,2,n
assign,2,n
assigned,2,n
associating,2,n
association,2,n
assuage,2,n
astonishingly,2,n
atlantic,2,n
attends,2,n
attestation,2,n
audibly,2,n
auspices,2,n
austerity,2,n
author's,2,n
availing,2,n
avenues,2,n
avert,2,n
avignon,2,n
awaited,2,n
aylmers,2,n
backward,2,n
backwardness,2,n
bags,2,n
balance,2,n
balm,2,n
bandbox,2,n
banknotes,2,n
barbarously,2,n
barnet,2,n
barns,2,n
baronetage,2,n
barriers,2,n
bay,2,n
beam,2,n
beams,2,n
bearers,2,n
beating,2,n
becomingly,2,n
bedford,2,n
bedfordshire,2,n
beechen,2,n
beginner,2,n
begs,2,n
behaves,2,n
behavior,2,n
bella's,2,n
belle's,2,n
belles,2,n
bells,2,n
bending,2,n
bends,2,n
bequeathed,2,n
bequest,2,n
bernard,2,n
bertha,2,n
beset,2,n
betsey's,2,n
betty,2,n
betty's,2,n
bewildering,2,n
bewitched,2,n
biassed,2,n
bide,2,n
bids,2,n
billiards,2,n
bind,2,n
bird,2,n
bishop,2,n
blackest,2,n
blackguard,2,n
blameable,2,n
blast,2,n
blasted,2,n
blest,2,n
blinding,2,n
bliss,2,n
blooded,2,n
blossoms,2,n
blowing,2,n
blows,2,n
boarding,2,n
boats,2,n
boldness,2,n
boots,2,n
borough,2,n
boundary,2,n
bounding,2,n
boundless,2,n
bounds,2,n
bountiful,2,n
bounty,2,n
brace,2,n
bragge's,2,n
bragges,2,n
brains,2,n
branches,2,n
brave,2,n
braved,2,n
bravo,2,n
breed,2,n
brick,2,n
bridegroom,2,n
brigden,2,n
brighthelmstone,2,n
brink,2,n
brisk,2,n
brisker,2,n
britain,2,n
broadest,2,n
broiling,2,n
bruise,2,n
brunt,2,n
brutal,2,n
buckingham,2,n
bulk,2,n
bulky,2,n
burleigh,2,n
burton,2,n
burying,2,n
bush,2,n
bustles,2,n
butler's,2,n
byron,2,n
bystander,2,n
calico,2,n
cambridge,2,n
canvass,2,n
canvassing,2,n
capability,2,n
capers,2,n
capes,2,n
capitals,2,n
caprices,2,n
capricious,2,n
caps,2,n
captious,2,n
captive,2,n
car,2,n
carefulness,2,n
caressed,2,n
caresses,2,n
caricature,2,n
carpenter's,2,n
carts,2,n
carve,2,n
carved,2,n
casement,2,n
cassino,2,n
casting,2,n
catastrophe,2,n
cautioning,2,n
cavity,2,n
ceases,2,n
cecilia,2,n
celerity,2,n
celibacy,2,n
certified,2,n
cessation,2,n
chained,2,n
challenge,2,n
chambermaid,2,n
chancing,2,n
changeable,2,n
chap,2,n
chaperon,2,n
chaperons,2,n
charities,2,n
charmouth,2,n
chasm,2,n
chatted,2,n
chatter,2,n
cheapside,2,n
chearfull,2,n
cheerfuller,2,n
cheerfullest,2,n
cheerlessness,2,n
chequered,2,n
cherries,2,n
chestnuts,2,n
chests,2,n
childish,2,n
chill,2,n
chit,2,n
choicest,2,n
cipher,2,n
circulated,2,n
circulation,2,n
clapped,2,n
clara,2,n
clarke,2,n
clarkes,2,n
claudia,2,n
cleanest,2,n
clerks,2,n
clermont,2,n
cleverness,2,n
cliffs,2,n
cling,2,n
clinging,2,n
clocks,2,n
clownish,2,n
clue,2,n
clung,2,n
coachman's,2,n
coarser,2,n
coast,2,n
coats,2,n
cobham,2,n
coffin,2,n
coldest,2,n
colicky,2,n
collar,2,n
collections,2,n
collects,2,n
college,2,n
combated,2,n
comforting,2,n
commander,2,n
commanders,2,n
commendations,2,n
comment,2,n
commerce,2,n
commercial,2,n
committing,2,n
commons,2,n
companion's,2,n
companionableness,2,n
compelled,2,n
compleat,2,n
complication,2,n
complimenting,2,n
compound,2,n
compton,2,n
computer,2,n
computers,2,n
comtesse,2,n
concept,2,n
concerto,2,n
concessions,2,n
conciliate,2,n
conciliatory,2,n
condemning,2,n
condescending,2,n
conditional,2,n
conditionally,2,n
conditioned,2,n
condole,2,n
conducting,2,n
confederates,2,n
confer,2,n
conferred,2,n
confessedly,2,n
confesses,2,n
confided,2,n
confining,2,n
confirms,2,n
conform,2,n
conforming,2,n
confound,2,n
confuse,2,n
congregation,2,n
conjectural,2,n
connecting,2,n
connivance,2,n
connive,2,n
conniving,2,n
connubial,2,n
conquests,2,n
conscientiously,2,n
consciously,2,n
consistently,2,n
consists,2,n
constantia,2,n
constitutional,2,n
constructed,2,n
consultations,2,n
contentedly,2,n
contenting,2,n
contest,2,n
contiguous,2,n
contradictions,2,n
contribution,2,n
contributions,2,n
contrivances,2,n
conversant,2,n
conveyance,2,n
convulsions,2,n
cooks,2,n
cooper,2,n
cope's,2,n
coppice,2,n
cordials,2,n
corporation,2,n
correcting,2,n
correctness,2,n
corroborated,2,n
corroborating,2,n
costly,2,n
costs,2,n
cot,2,n
cottagers,2,n
coughing,2,n
counteraction,2,n
counterpart,2,n
counties,2,n
courteously,2,n
courtier,2,n
courtland,2,n
cousinly,2,n
coxe,2,n
cramp,2,n
craving,2,n
creations,2,n
creditably,2,n
credulity,2,n
creeping,2,n
crewkherne,2,n
cricket,2,n
crimsoned,2,n
critic,2,n
criticise,2,n
criticisms,2,n
critique,2,n
cromwell,2,n
crooked,2,n
crossness,2,n
crowned,2,n
cruelties,2,n
cucumber,2,n
culprit,2,n
culture,2,n
cup,2,n
curtseyed,2,n
d'arblay,2,n
dagger,2,n
dairy,2,n
dairymaid,2,n
dalrymple's,2,n
damage,2,n
danvers,2,n
dashed,2,n
davies,2,n
dawdled,2,n
dawned,2,n
dawson,2,n
deadening,2,n
dealt,2,n
deathbed,2,n
debarred,2,n
debasement,2,n
debate,2,n
debates,2,n
decides,2,n
decisively,2,n
decked,2,n
dedicated,2,n
deduced,2,n
deem,2,n
defection,2,n
defending,2,n
define,2,n
defrauded,2,n
delicately,2,n
delighting,2,n
delineated,2,n
delineation,2,n
delirium,2,n
denomination,2,n
dependant,2,n
deposited,2,n
depreciating,2,n
depress,2,n
depriving,2,n
derision,2,n
descendant,2,n
descendants,2,n
descriptive,2,n
despairing,2,n
despatched,2,n
despicable,2,n
despondency,2,n
destroying,2,n
destroys,2,n
destructive,2,n
detect,2,n
deter,2,n
determinate,2,n
detesting,2,n
devilish,2,n
devised,2,n
devoid,2,n
devolve,2,n
devouring,2,n
diabolical,2,n
diamonds,2,n
dictating,2,n
dictatorial,2,n
diction,2,n
diminushing,2,n
diminutive,2,n
direful,2,n
disabled,2,n
disallow,2,n
disapproving,2,n
disarm,2,n
disbelieving,2,n
discarded,2,n
disclaim,2,n
disclosed,2,n
disclosing,2,n
discomfort,2,n
disconcert,2,n
discontents,2,n
discourses,2,n
discovers,2,n
disgracing,2,n
disgustingly,2,n
dishonorable,2,n
dishonour,2,n
dislikes,2,n
dismissing,2,n
dismounted,2,n
disobey,2,n
disorders,2,n
dispatch,2,n
dispersing,2,n
displace,2,n
displays,2,n
disputable,2,n
disregard,2,n
dissemble,2,n
dissolution,2,n
dissuaded,2,n
distances,2,n
distinctions,2,n
disturbing,2,n
divert,2,n
doated,2,n
doating,2,n
doatingly,2,n
doctoring,2,n
doctrines,2,n
doleful,2,n
domain,2,n
door's,2,n
doorway,2,n
dose,2,n
dost,2,n
doting,2,n
dovecote,2,n
downcast,2,n
doze,2,n
dragged,2,n
drain,2,n
drake,2,n
dreaming,2,n
dressmaker,2,n
dried,2,n
drift,2,n
drily,2,n
drinks,2,n
dripping,2,n
dropping,2,n
drown,2,n
drowned,2,n
dryly,2,n
dryness,2,n
dues,2,n
duodecimo,2,n
e'er,2,n
eatable,2,n
eats,2,n
economically,2,n
economist,2,n
ecstatic,2,n
editor,2,n
educating,2,n
egerton,2,n
egregious,2,n
eighteenth,2,n
eighty,2,n
ejaculations,2,n
electronically,2,n
elevating,2,n
eligibly,2,n
ellisons,2,n
eloisa's,2,n
elope,2,n
eloped,2,n
eloping,2,n
elucidation,2,n
eluded,2,n
em,2,n
email,2,n
embargo,2,n
embellishment,2,n
emboldened,2,n
embrocation,2,n
emergence,2,n
eminent,2,n
empowered,2,n
emptiness,2,n
enclose,2,n
encountered,2,n
encouragements,2,n
encroach,2,n
endanger,2,n
endear,2,n
endurable,2,n
energetic,2,n
enforcing,2,n
engrafted,2,n
engravings,2,n
engrossing,2,n
enlarge,2,n
enlarged,2,n
ennui,2,n
enormity,2,n
entertains,2,n
enthusiastic,2,n
entitle,2,n
envious,2,n
epicurism,2,n
epithets,2,n
equity,2,n
equivocal,2,n
equivocation,2,n
erected,2,n
escapes,2,n
escort,2,n
especial,2,n
evade,2,n
evasions,2,n
evenness,2,n
evergreen,2,n
evergreens,2,n
evince,2,n
exactness,2,n
excellencies,2,n
excellently,2,n
excitement,2,n
excites,2,n
exemplary,2,n
exemption,2,n
exercised,2,n
exhibited,2,n
exigence,2,n
exists,2,n
expatiated,2,n
expedients,2,n
expedition,2,n
expences,2,n
experiment,2,n
exquisitely,2,n
external,2,n
extort,2,n
extract,2,n
extroidinary,2,n
exuberance,2,n
eyebrows,2,n
fable,2,n
facing,2,n
faculties,2,n
fails,2,n
falsehoods,2,n
falsely,2,n
farmer's,2,n
farmers,2,n
farming,2,n
fates,2,n
fearfull,2,n
feathers,2,n
federal,2,n
feebly,2,n
feigned,2,n
felicitations,2,n
fellow's,2,n
fence,2,n
fender,2,n
fervour,2,n
fetches,2,n
fidgets,2,n
fighting,2,n
figuratively,2,n
file,2,n
fills,2,n
finely,2,n
finesse,2,n
firmest,2,n
firs,2,n
fitness,2,n
flagrant,2,n
flakes,2,n
flatterer,2,n
flesh,2,n
fletcher,2,n
flies,2,n
flights,2,n
fling,2,n
flirts,2,n
flora,2,n
flourishes,2,n
flourishing,2,n
fluency,2,n
fluently,2,n
foibles,2,n
fondling,2,n
fools,2,n
footmen,2,n
footstep,2,n
footstool,2,n
forbore,2,n
fore,2,n
foregoing,2,n
foremost,2,n
forenoon,2,n
forestall,2,n
forests,2,n
forged,2,n
forgetful,2,n
forgiving,2,n
forks,2,n
formation,2,n
formats,2,n
forsaking,2,n
fortify,2,n
forwarder,2,n
forwardness,2,n
fought,2,n
foundations,2,n
fowls,2,n
framed,2,n
frantic,2,n
fraser's,2,n
fraught,2,n
freaks,2,n
frederic,2,n
freehold,2,n
freeze,2,n
frenzy,2,n
frequency,2,n
freshened,2,n
fresher,2,n
fretfully,2,n
fried,2,n
frightening,2,n
fringe,2,n
frolic,2,n
frosts,2,n
furnishing,2,n
gales,2,n
galleries,2,n
gamester,2,n
gang,2,n
gape,2,n
genial,2,n
geography,2,n
george's,2,n
gesture,2,n
giaour,2,n
giddy,2,n
gifts,2,n
gigs,2,n
gilberts,2,n
gipsy,2,n
girlish,2,n
giver,2,n
gladness,2,n
gleam,2,n
glorious,2,n
glossy,2,n
glowed,2,n
god's,2,n
godmother,2,n
godson,2,n
goldsmith,2,n
gouldings,2,n
gower,2,n
grandaughter,2,n
grandfathers,2,n
grandison,2,n
grandmama's,2,n
grandmother's,2,n
grandmothers,2,n
grandson,2,n
grate,2,n
gratefull,2,n
gratifications,2,n
gratulation,2,n
greatcoats,2,n
grecian,2,n
greedy,2,n
grey's,2,n
groan,2,n
grooms,2,n
groundless,2,n
groves,2,n
guesswork,2,n
guile,2,n
guileless,2,n
gum,2,n
guns,2,n
h.m.s,2,n
hack,2,n
haggerston,2,n
hailed,2,n
haired,2,n
hallooed,2,n
handled,2,n
handy,2,n
hangings,2,n
hangs,2,n
hannah,2,n
haphazard,2,n
harassed,2,n
hardest,2,n
harding,2,n
hardness,2,n
harris's,2,n
hats,2,n
haunch,2,n
haunts,2,n
hawkins's,2,n
hazarding,2,n
healthful,2,n
heartiness,2,n
heathen,2,n
heaviest,2,n
heedlessness,2,n
helplessness,2,n
helpmate,2,n
hens,2,n
hermitage,2,n
heroes,2,n
hervey,2,n
hetty,2,n
hind,2,n
hinting,2,n
holborn,2,n
hon,2,n
honiton,2,n
honor,2,n
horridly,2,n
horsemanship,2,n
horsemen,2,n
host,2,n
hotter,2,n
hug,2,n
hugh,2,n
humbling,2,n
hunger,2,n
hunted,2,n
huntingdon,2,n
huswife,2,n
hypocrisy,2,n
hypocritical,2,n
identify,2,n
idolized,2,n
illegitimacy,2,n
illumination,2,n
illustrations,2,n
images,2,n
imagines,2,n
imitate,2,n
imminent,2,n
immoveable,2,n
impassioned,2,n
imperfections,2,n
imperiously,2,n
impetuosity,2,n
implacable,2,n
implanted,2,n
implicit,2,n
implicitly,2,n
implies,2,n
import,2,n
importing,2,n
importune,2,n
importunity,2,n
impoverished,2,n
impress,2,n
impressively,2,n
imprisoned,2,n
improprieties,2,n
imputation,2,n
imputing,2,n
inaccessible,2,n
inactive,2,n
inadvertence,2,n
inanimate,2,n
inarticulate,2,n
incapacity,2,n
incidental,2,n
inclines,2,n
incoherent,2,n
increases,2,n
incur,2,n
incurring,2,n
indecorous,2,n
indelible,2,n
indian,2,n
indigence,2,n
indigent,2,n
indirectly,2,n
indiscreet,2,n
indistinctness,2,n
indoors,2,n
inducements,2,n
indulgences,2,n
industrious,2,n
ineffable,2,n
inelegant,2,n
ineligible,2,n
inestimable,2,n
inexhaustible,2,n
inexpressible,2,n
infallibly,2,n
infectious,2,n
inference,2,n
ingeniously,2,n
ingratiating,2,n
inheritance,2,n
inhumanity,2,n
inlaid,2,n
inmate,2,n
innovation,2,n
innoxious,2,n
inquisitive,2,n
inroads,2,n
inscribed,2,n
inseparable,2,n
insinuate,2,n
inspect,2,n
inspiring,2,n
instant's,2,n
instigation,2,n
instigator,2,n
instructed,2,n
instructress,2,n
insupportably,2,n
insured,2,n
intellects,2,n
intense,2,n
interfered,2,n
interim,2,n
intermingled,2,n
interposition,2,n
interpretation,2,n
interpreted,2,n
intervene,2,n
intimacies,2,n
intimidate,2,n
intreated,2,n
intreaties,2,n
intricate,2,n
intrigue,2,n
invalids,2,n
invested,2,n
investigate,2,n
investigated,2,n
investing,2,n
invites,2,n
irksomeness,2,n
irreconcilable,2,n
irrepressible,2,n
irritations,2,n
issuing,2,n
ives,2,n
jaded,2,n
janet,2,n
janetta's,2,n
janry,2,n
jargon,2,n
jellies,2,n
jew,2,n
johnson's,2,n
joints,2,n
joys,2,n
judgements,2,n
jumbled,2,n
justifiable,2,n
juvenile,2,n
kensington,2,n
kick,2,n
kicked,2,n
kicking,2,n
kinds,2,n
kingdoms,2,n
kingsweston,2,n
kisses,2,n
kissing,2,n
kitty's,2,n
kneel,2,n
kneeling,2,n
knighthood,2,n
knit,2,n
knitting,2,n
knocks,2,n
ladyships,2,n
lagged,2,n
lake,2,n
lambert,2,n
lamentation,2,n
laments,2,n
lamps,2,n
landholder,2,n
landscapes,2,n
larolles,2,n
lashes,2,n
lastingly,2,n
lasts,2,n
lateness,2,n
latin,2,n
laundry,2,n
laurel,2,n
laurels,2,n
laurina,2,n
lavished,2,n
lawful,2,n
lawfully,2,n
lawns,2,n
leaders,2,n
leaned,2,n
legally,2,n
lending,2,n
lenient,2,n
lesley's,2,n
lessingby,2,n
levelled,2,n
libertine,2,n
licensed,2,n
licentiousness,2,n
lieutenant's,2,n
lifeless,2,n
lifetime,2,n
likenesses,2,n
lime,2,n
lined,2,n
linings,2,n
lion,2,n
lisbon,2,n
listeners,2,n
listlessness,2,n
literature,2,n
liverpool,2,n
lizzy's,2,n
loan,2,n
locking,2,n
loitering,2,n
longtown's,2,n
loo,2,n
looker,2,n
lookers,2,n
lord's,2,n
loser,2,n
lossed,2,n
loudest,2,n
loudness,2,n
lounges,2,n
lounging,2,n
loveliest,2,n
loyal,2,n
luckless,2,n
lustre,2,n
luxuriant,2,n
ma,2,n
macmillan,2,n
maddison,2,n
madeira,2,n
magistrate,2,n
magnanimity,2,n
magnified,2,n
maid's,2,n
maidservant,2,n
majesty's,2,n
malevolence,2,n
malevolent,2,n
mall,2,n
managing,2,n
manoeuvre,2,n
manoeuvres,2,n
manoeuvring,2,n
manufacture,2,n
marble,2,n
marlowes,2,n
mask,2,n
mason,2,n
mass,2,n
matilda's,2,n
matlock,2,n
maxim,2,n
mediation,2,n
medicines,2,n
mediocrity,2,n
medley,2,n
melt,2,n
memoirs,2,n
memorable,2,n
memorandums,2,n
memorials,2,n
mending,2,n
mermaid,2,n
metals,2,n
methods,2,n
metropolis,2,n
middlesex,2,n
midshipmen,2,n
mildly,2,n
miller,2,n
millions,2,n
minority,2,n
minuter,2,n
minutest,2,n
miraculous,2,n
mis,2,n
misconstruction,2,n
miseries,2,n
miserly,2,n
misinformed,2,n
misinterpreted,2,n
mislaid,2,n
mislead,2,n
misleads,2,n
misplaced,2,n
misrepresentation,2,n
misrepresented,2,n
missent,2,n
mist,2,n
mistrust,2,n
misunderstanding,2,n
mitchells,2,n
mite,2,n
modestest,2,n
monarch's,2,n
month's,2,n
moralists,2,n
moralizing,2,n
morrows,2,n
mortifies,2,n
mounting,2,n
mouthfuls,2,n
mud,2,n
muff,2,n
multiplicity,2,n
murdering,2,n
mute,2,n
muttering,2,n
nail,2,n
naples,2,n
narratives,2,n
narrator,2,n
neapolitan,2,n
nearness,2,n
neatest,2,n
necklaces,2,n
neighbour's,2,n
neighbourly,2,n
nervousness,2,n
net,2,n
newcomers,2,n
newness,2,n
nicer,2,n
nicholls,2,n
niggardly,2,n
nobleman,2,n
nobleness,2,n
noblest,2,n
nose,2,n
nought,2,n
nourishment,2,n
novelties,2,n
nuisance,2,n
obdurate,2,n
obedient,2,n
obligingness,2,n
oblivion,2,n
observable,2,n
obtruded,2,n
obtrusiveness,2,n
obvious,2,n
occasioning,2,n
occupier,2,n
oddities,2,n
oddly,2,n
omen,2,n
omitting,2,n
openings,2,n
operated,2,n
operations,2,n
oppressive,2,n
orator,2,n
orderliness,2,n
originating,2,n
ornamented,2,n
ostentatious,2,n
outdone,2,n
outgrown,2,n
outline,2,n
outrun,2,n
outs,2,n
overcharged,2,n
overpowers,2,n
overrated,2,n
overruled,2,n
overset,2,n
overspreading,2,n
overstrained,2,n
overtake,2,n
overture,2,n
overturned,2,n
owen,2,n
paced,2,n
palatable,2,n
paling,2,n
palisades,2,n
pall,2,n
palliation,2,n
pamphlets,2,n
panic,2,n
papas,2,n
par,2,n
parasol,2,n
parentage,2,n
parishes,2,n
parlours,2,n
parrys,2,n
parson,2,n
parsons,2,n
partialities,2,n
partnership,2,n
pastry,2,n
patched,2,n
patronised,2,n
patterns,2,n
pauses,2,n
peaceably,2,n
peculiarities,2,n
peeped,2,n
peer,2,n
peevish,2,n
peggy,2,n
peice,2,n
pelisses,2,n
penelope,2,n
penknife,2,n
penury,2,n
perched,2,n
peremptorily,2,n
perkin,2,n
permanence,2,n
perpetrated,2,n
persecution,2,n
perseveres,2,n
personages,2,n
perthshire,2,n
peruse,2,n
perusing,2,n
perversion,2,n
peterborough,2,n
petition,2,n
petitioned,2,n
petulance,2,n
philanthropic,2,n
phillipses,2,n
philosopher,2,n
physic,2,n
physical,2,n
physicians,2,n
pier,2,n
pigeon,2,n
pine,2,n
pinned,2,n
pints,2,n
pique,2,n
piqued,2,n
pistoletta,2,n
pitched,2,n
placidly,2,n
planting,2,n
platform,2,n
plausibly,2,n
playfully,2,n
pleading,2,n
plighted,2,n
ploughboys,2,n
plump,2,n
poem,2,n
poems,2,n
poetical,2,n
poking,2,n
ponder,2,n
ponderous,2,n
pool,2,n
pools,2,n
poorer,2,n
pop,2,n
pore,2,n
poring,2,n
porter,2,n
portionless,2,n
postchaise,2,n
postponing,2,n
pound,2,n
pouring,2,n
powder,2,n
practises,2,n
preachers,2,n
precautions,2,n
precipitance,2,n
preclude,2,n
predecessor,2,n
predictions,2,n
predominated,2,n
preeminently,2,n
preface,2,n
prefers,2,n
preliminary,2,n
prelude,2,n
prematurely,2,n
premeditated,2,n
preservative,2,n
preserver,2,n
pressingly,2,n
pressure,2,n
prettiness,2,n
prevails,2,n
prevalence,2,n
prevalent,2,n
prevents,2,n
prided,2,n
privation,2,n
proceeds,2,n
prodigy,2,n
productions,2,n
proficiency,2,n
profiting,2,n
profligacy,2,n
prognostics,2,n
prohibition,2,n
prolonged,2,n
prominently,2,n
promotes,2,n
promptitude,2,n
properer,2,n
prophecies,2,n
propitious,2,n
proportionably,2,n
proportionate,2,n
proposes,2,n
proprieties,2,n
prosing,2,n
prosperously,2,n
protecting,2,n
protector,2,n
protegee,2,n
protestants,2,n
protestation,2,n
proudest,2,n
province,2,n
provocations,2,n
psha,2,n
publications,2,n
publisher,2,n
pun,2,n
punctuation,2,n
puppyism,2,n
purchasing,2,n
purses,2,n
puzzles,2,n
pyrenees,2,n
quaint,2,n
quarreling,2,n
quarrels,2,n
questionable,2,n
quicken,2,n
quickening,2,n
quietest,2,n
quits,2,n
quoted,2,n
radcliffe,2,n
ragged,2,n
raining,2,n
rang,2,n
ranks,2,n
rants,2,n
rash,2,n
rat,2,n
rating,2,n
rave,2,n
raved,2,n
raving,2,n
readiest,2,n
reappearance,2,n
reassembled,2,n
receding,2,n
reclaim,2,n
recognised,2,n
recognized,2,n
record,2,n
records,2,n
recreation,2,n
rectified,2,n
rectitude,2,n
recurred,2,n
reddening,2,n
redeem,2,n
redistributing,2,n
redistribution,2,n
reduce,2,n
reduction,2,n
reductions,2,n
reel,2,n
referring,2,n
refine,2,n
refinements,2,n
reflects,2,n
reformed,2,n
refreshed,2,n
refuge,2,n
refutation,2,n
refute,2,n
regaining,2,n
registered,2,n
regulars,2,n
reigned,2,n
reins,2,n
reinstate,2,n
rejoinder,2,n
relatives,2,n
releif,2,n
relieving,2,n
relinquishing,2,n
relished,2,n
remissness,2,n
remonstrated,2,n
removes,2,n
renounced,2,n
renown,2,n
renter,2,n
renting,2,n
rents,2,n
repartee,2,n
repast,2,n
replace,2,n
replacing,2,n
representative,2,n
representatives,2,n
reproachful,2,n
reprobate,2,n
reprobating,2,n
reprobation,2,n
repugnance,2,n
repulse,2,n
requisition,2,n
resemble,2,n
resembling,2,n
reserving,2,n
resettled,2,n
resorting,2,n
respectfully,2,n
respite,2,n
responsible,2,n
restorative,2,n
restoratives,2,n
restraining,2,n
retrace,2,n
retracted,2,n
retrospections,2,n
revealing,2,n
revenue,2,n
reveries,2,n
reversion,2,n
reviews,2,n
revised,2,n
revolt,2,n
revolting,2,n
revolts,2,n
rewards,2,n
rheumatism,2,n
richard's,2,n
richardsons,2,n
riddles,2,n
rider,2,n
ridge,2,n
ridiculing,2,n
riotous,2,n
risking,2,n
rival's,2,n
roared,2,n
robe,2,n
robertus,2,n
robinson's,2,n
robust,2,n
rolled,2,n
rolling,2,n
roomy,2,n
rouge,2,n
roughness,2,n
rout,2,n
rows,2,n
rubbed,2,n
rugged,2,n
rung,2,n
rush,2,n
rustic,2,n
sackville,2,n
safeguard,2,n
sail,2,n
sailor's,2,n
saint,2,n
salted,2,n
salutations,2,n
sam's,2,n
sample,2,n
sandy,2,n
sashed,2,n
sashes,2,n
sattin,2,n
sauciness,2,n
saunter,2,n
sauntered,2,n
sauntering,2,n
saves,2,n
scarcity,2,n
scholey,2,n
schoolroom,2,n
schools,2,n
scornfully,2,n
scramble,2,n
scrambling,2,n
scratching,2,n
screwed,2,n
scudamores,2,n
seal,2,n
searching,2,n
seasonable,2,n
seclude,2,n
secretary,2,n
secures,2,n
sedateness,2,n
sedulously,2,n
select,2,n
selecting,2,n
selection,2,n
semblance,2,n
senseless,2,n
sentimentally,2,n
sept,2,n
settlement,2,n
settlements,2,n
settles,2,n
seventh,2,n
shaded,2,n
shakespear's,2,n
shameless,2,n
shant,2,n
shaped,2,n
shapeless,2,n
sharers,2,n
shares,2,n
sharpened,2,n
sheep,2,n
shelf,2,n
shells,2,n
shelves,2,n
shield,2,n
shifted,2,n
shifting,2,n
shine,2,n
shirley's,2,n
shirt,2,n
shopping,2,n
shortening,2,n
shrugged,2,n
shuddered,2,n
shudderings,2,n
shuts,2,n
shutting,2,n
sideboard,2,n
signified,2,n
silencing,2,n
silks,2,n
simnel,2,n
simpathetic,2,n
simpered,2,n
simpering,2,n
simpler,2,n
singled,2,n
singly,2,n
sings,2,n
singularly,2,n
sketches,2,n
skilful,2,n
skinner,2,n
slackened,2,n
sleeve,2,n
sleeves,2,n
slovenly,2,n
slyly,2,n
smell,2,n
smells,2,n
smirked,2,n
smoke,2,n
smokes,2,n
sneer,2,n
snowed,2,n
snuffed,2,n
sobering,2,n
sobriety,2,n
sociable,2,n
sofas,2,n
solicitations,2,n
solution,2,n
sombre,2,n
sonnet,2,n
sonnets,2,n
sooth,2,n
soothings,2,n
sorely,2,n
sorrowfull,2,n
sorts,2,n
sovereign,2,n
spain,2,n
sparkled,2,n
sparks,2,n
spars,2,n
speck,2,n
specks,2,n
speculate,2,n
spelling,2,n
spends,2,n
spire,2,n
sportive,2,n
sprained,2,n
sprightly,2,n
spur,2,n
spurning,2,n
stab,2,n
stagnation,2,n
stain,2,n
stains,2,n
stares,2,n
startle,2,n
statements,2,n
stationary,2,n
steadiest,2,n
stealing,2,n
steeper,2,n
sternness,2,n
steventon,2,n
stew,2,n
stick,2,n
stiffly,2,n
stiles,2,n
stimulative,2,n
stipulate,2,n
stocked,2,n
stone's,2,n
stoops,2,n
stores,2,n
strafford,2,n
strains,2,n
straitened,2,n
strangeness,2,n
stranger's,2,n
strawberry,2,n
straws,2,n
stray,2,n
streaks,2,n
strengthening,2,n
strenuous,2,n
streph,2,n
strewed,2,n
strive,2,n
stuck,2,n
studious,2,n
stumbling,2,n
stunned,2,n
stupefied,2,n
sublimity,2,n
subordinate,2,n
subsequently,2,n
subsist,2,n
subsistence,2,n
suckling's,2,n
sue,2,n
sufferers,2,n
suitably,2,n
suite,2,n
sullen,2,n
summits,2,n
sums,2,n
sun's,2,n
sundays,2,n
superficial,2,n
superfluity,2,n
superiors,2,n
supernumerary,2,n
supersede,2,n
suppers,2,n
supplications,2,n
supporter,2,n
supposes,2,n
surest,2,n
surmounting,2,n
surprizes,2,n
surrender,2,n
surveyor,2,n
survived,2,n
susceptible,2,n
suspend,2,n
sweeping,2,n
sweetbread,2,n
swerved,2,n
sword,2,n
syllabub,2,n
sympathising,2,n
sympathize,2,n
systems,2,n
tacit,2,n
tacitly,2,n
talkers,2,n
tarts,2,n
tasting,2,n
taxed,2,n
taxes,2,n
teacher,2,n
teaches,2,n
teaze,2,n
temperate,2,n
tenacious,2,n
tenaciously,2,n
tended,2,n
tenor,2,n
tens,2,n
tents,2,n
terriers,2,n
testified,2,n
testify,2,n
testifying,2,n
text,2,n
texts,2,n
thereabouts,2,n
thicker,2,n
thickness,2,n
thomson,2,n
thornberry,2,n
thorns,2,n
threat,2,n
thrive,2,n
thro,2,n
throats,2,n
thrush's,2,n
thunderbolts,2,n
tiptoe,2,n
tires,2,n
toast,2,n
toleration,2,n
toned,2,n
tongue's,2,n
tongues,2,n
torrents,2,n
tortured,2,n
tossed,2,n
tower,2,n
toys,2,n
tradesman,2,n
tradesman's,2,n
traditional,2,n
trained,2,n
traits,2,n
tranquility,2,n
tranquillized,2,n
transaction,2,n
transcribed,2,n
transcriber's,2,n
transferred,2,n
transmitted,2,n
transparencies,2,n
transpired,2,n
transplantation,2,n
transplanted,2,n
transported,2,n
trash,2,n
travels,2,n
treasured,2,n
treasures,2,n
tremblings,2,n
tremor,2,n
trials,2,n
trimmed,2,n
trinket,2,n
trod,2,n
tryal,2,n
tuition,2,n
tumble,2,n
tumbled,2,n
turf,2,n
twelvemonth's,2,n
twofold,2,n
tyrannic,2,n
tyrannical,2,n
uglier,2,n
unaccountably,2,n
unacquainted,2,n
unalterably,2,n
unanimity,2,n
unasked,2,n
unassailed,2,n
unassisted,2,n
unavoidably,2,n
unbiased,2,n
unblemished,2,n
unbounded,2,n
unchanging,2,n
uncomfortably,2,n
uncouthness,2,n
undefined,2,n
underbred,2,n
undergo,2,n
undergoing,2,n
underneath,2,n
underrated,2,n
undersized,2,n
undervaluing,2,n
undesigned,2,n
undesignedly,2,n
undetermined,2,n
undiminished,2,n
undiscerning,2,n
undistinguishing,2,n
undivided,2,n
undo,2,n
undoubting,2,n
unequalled,2,n
unequivocal,2,n
unequivocally,2,n
uneventful,2,n
unfashionable,2,n
unfasten,2,n
unfavourably,2,n
unfitted,2,n
unfolding,2,n
unfurnished,2,n
ungenteel,2,n
ungovernable,2,n
ungraciously,2,n
unhealthy,2,n
uniformity,2,n
uninfluenced,2,n
unintentional,2,n
unintentionally,2,n
unites,2,n
universities,2,n
university,2,n
unkindly,2,n
unlimited,2,n
unlocking,2,n
unlovely,2,n
unmixed,2,n
unnaturally,2,n
unobjectionable,2,n
unobservant,2,n
unobserved,2,n
unpacked,2,n
unpardonably,2,n
unperceived,2,n
unpolished,2,n
unpremeditated,2,n
unprotected,2,n
unrelenting,2,n
unrivalled,2,n
unsatisfied,2,n
unseasonableness,2,n
unshackled,2,n
unspeakable,2,n
unsubdued,2,n
untainted,2,n
untasted,2,n
untaught,2,n
untinctured,2,n
unutterable,2,n
unwise,2,n
unwounded,2,n
upbraid,2,n
updated,2,n
uproar,2,n
upset,2,n
uselessly,2,n
usher,2,n
utterance,2,n
vacancies,2,n
vacancy,2,n
vacation,2,n
valueless,2,n
values,2,n
vanilla,2,n
vanquished,2,n
variance,2,n
variously,2,n
varnish,2,n
vault,2,n
vaunted,2,n
veils,2,n
venison,2,n
veranda,2,n
verbal,2,n
verified,2,n
verily,2,n
verse,2,n
vicious,2,n
vindicating,2,n
vindictive,2,n
violin,2,n
violins,2,n
virulence,2,n
vow,2,n
voyage,2,n
waiters,2,n
walnuts,2,n
walsingham,2,n
wan,2,n
warbeck,2,n
wardrobes,2,n
warehouse,2,n
warehouses,2,n
warfare,2,n
warned,2,n
warranty,2,n
warwick,2,n
wavered,2,n
weaker,2,n
weaknesses,2,n
wears,2,n
wearying,2,n
weathered,2,n
wedded,2,n
weddings,2,n
weigh,2,n
weighed,2,n
weighing,2,n
welch,2,n
wellcome,2,n
whately,2,n
whatsoever,2,n
whim,2,n
whimsical,2,n
whipt,2,n
whirling,2,n
whisked,2,n
whispers,2,n
wick,2,n
wickedest,2,n
widest,2,n
wilcox,2,n
wildenheim,2,n
wildness,2,n
windings,2,n
winds,2,n
windy,2,n
wing,2,n
winking,2,n
wiped,2,n
wishers,2,n
withered,2,n
witticisms,2,n
wittier,2,n
woeful,2,n
woke,2,n
women's,2,n
wonderfull,2,n
wonted,2,n
workings,2,n
world's,2,n
worrying,2,n
worship,2,n
worthlessness,2,n
wrap,2,n
wrapped,2,n
wretches,2,n
wrinkles,2,n
wrist,2,n
wrongs,2,n
wull,2,n
xlix,2,n
yearning,2,n
zealously,2,n
07042,1,n
11th,1,n
12th,1,n
1399,1,n
1586,1,n
16th,1,n
1760,1,n
1784,1,n
1785,1,n
1787,1,n
1789,1,n
1790,1,n
1800,1,n
1806,1,n
1810,1,n
1816,1,n
1884,1,n
1896,1,n
1902,1,n
"20,000",1,n
200,1,n
2001,1,n
2010,1,n
2025,1,n
20th,1,n
219,1,n
25th,1,n
290,1,n
29th,1,n
32,1,n
33,1,n
34,1,n
36,1,n
37,1,n
38,1,n
39,1,n
42,1,n
43,1,n
44,1,n
45,1,n
46,1,n
47,1,n
48,1,n
49,1,n
"5,000",1,n
501,1,n
50l,1,n
51,1,n
516,1,n
52,1,n
53,1,n
54,1,n
56,1,n
58,1,n
59,1,n
61,1,n
621,1,n
6221541,1,n
64,1,n
7000l,1,n
862,1,n
9288,1,n
97,1,n
_accepted_,1,n
_accident_,1,n
_adair_,1,n
_addition_,1,n
_advantages_,1,n
_affect_,1,n
_against_,1,n
_agreeable_,1,n
_air_,1,n
_all,1,n
_alone_,1,n
_amiably,1,n
_amor_,1,n
_and,1,n
_another,1,n
_answer_,1,n
_anybody's_,1,n
_apparently,1,n
_appear_,1,n
_appearing_,1,n
_appropriation_,1,n
_as,1,n
_as_,1,n
_assistance_,1,n
_at,1,n
_before_,1,n
_begging,1,n
_begin_,1,n
_being,1,n
_being_,1,n
_believe_,1,n
_blunder_,1,n
_boiled_,1,n
_both,1,n
_boulanger_,1,n
_bride_,1,n
_brother_,1,n
_brotherly_,1,n
_came,1,n
_caro_,1,n
_catching,1,n
_cause_,1,n
_chaperon_,1,n
_choice_,1,n
_coming,1,n
_coming_,1,n
_compassion_,1,n
_compliments_,1,n
_conditionally_,1,n
_conduct_,1,n
_corps_,1,n
_count_,1,n
_court_,1,n
_daughters_,1,n
_deepest_,1,n
_delightful_,1,n
_dined_,1,n
_dislike_,1,n
_dissolved_,1,n
_dixon_,1,n
_dixons_,1,n
_double_,1,n
_doubts_,1,n
_draw,1,n
_drawing,1,n
_drinking,1,n
_du_,1,n
_e.g,1,n
_each_,1,n
_early_,1,n
_eclaircissement_,1,n
_edmund_,1,n
_edward_,1,n
_eighteen_,1,n
_eldest_,1,n
_elegant_,1,n
_elton_,1,n
_endeavour_,1,n
_engaged_,1,n
_engagement_,1,n
_ensemble_,1,n
_esprit_,1,n
_esteem_,1,n
_etourderie_,1,n
_evening_,1,n
_every_,1,n
_everything,1,n
_exigeant_,1,n
_expression_,1,n
_faith_,1,n
_family_,1,n
_father's_,1,n
_feel_,1,n
_feelings_,1,n
_few_,1,n
_filial_,1,n
_fine,1,n
_folly_,1,n
_food_,1,n
_force_,1,n
_fracas_,1,n
_frequency_,1,n
_frontispiece_,1,n
_gaucherie_,1,n
_gentleman_,1,n
_good_,1,n
_gratitude_,1,n
_great,1,n
_great_,1,n
_greater_,1,n
_had,1,n
_hamlet_,1,n
_hand_,1,n
_happily_,1,n
_has,1,n
_he,1,n
_heart_,1,n
_his,1,n
_housebreaking_,1,n
_how,1,n
_hurry_,1,n
_hushed_,1,n
_i'll_,1,n
_if_,1,n
_ingratitude_,1,n
_interest_,1,n
_introduced,1,n
_introduction_,1,n
_invite_,1,n
_island_,1,n
_it,1,n
_it_,1,n
_jealousy_,1,n
_joint_,1,n
_joseph,1,n
_la_,1,n
_last_,1,n
_laugh_,1,n
_least_,1,n
_let_,1,n
_letting_,1,n
_listening,1,n
_long_,1,n
_look_,1,n
_looked_,1,n
_lord_,1,n
_loved_,1,n
_making_,1,n
_man_,1,n
_manners_,1,n
_many_,1,n
_maria's_,1,n
_married_,1,n
_marry_,1,n
_meaning_,1,n
_meant_,1,n
_mediocre_,1,n
_mind_,1,n
_mischievous,1,n
_miserable_,1,n
_misery_,1,n
_miss,1,n
_missish_,1,n
_moment_,1,n
_month,1,n
_month_,1,n
_mortal_,1,n
_mot_,1,n
_motives_,1,n
_mr_,1,n
_mrs_,1,n
_much_,1,n
_myself_,1,n
_name_,1,n
_named_,1,n
_names_,1,n
_nearer_,1,n
_nephew_,1,n
_no_,1,n
_none_,1,n
_norval_,1,n
_nothing_,1,n
_occasion_,1,n
_of,1,n
_offered,1,n
_office_,1,n
_often_,1,n
_opened,1,n
_opinions_,1,n
_other_,1,n
_part_,1,n
_particular_,1,n
_particularly_,1,n
_party_,1,n
_passionnees_,1,n
_patriae_,1,n
_perdu_,1,n
_perfecting_,1,n
_perfection_,1,n
_performance_,1,n
_persuasion,1,n
_planning_,1,n
_possible_,1,n
_precious_,1,n
_presume_,1,n
_price_,1,n
_private_,1,n
_promise_,1,n
_promised_,1,n
_propriety_,1,n
_protegee_,1,n
_prudently_,1,n
_purport_,1,n
_quarterly_,1,n
_quite_,1,n
_really_,1,n
_rears_,1,n
_recollecting_,1,n
_refuse_,1,n
_refused_,1,n
_remind_,1,n
_rencontre_,1,n
_repentance_,1,n
_respect_,1,n
_retaining_,1,n
_robert's_,1,n
_robin_,1,n
_sacrifice_,1,n
_scheme_,1,n
_second_,1,n
_secret_,1,n
_seen_,1,n
_self,1,n
_sensiblerie_,1,n
_sentiment_,1,n
_she,1,n
_ship_,1,n
_showing,1,n
_sir_,1,n
_small_,1,n
_so,1,n
_sometimes_,1,n
_source_,1,n
_spoke_,1,n
_sposo_,1,n
_surprised_,1,n
_table_,1,n
_taken_,1,n
_talking,1,n
_taylor_,1,n
_tell_,1,n
_temper_,1,n
_than_,1,n
_them,1,n
_then,1,n
_theoretically_,1,n
_they,1,n
_thing_,1,n
_this,1,n
_thought_,1,n
_thoughts_,1,n
_title,1,n
_too,1,n
_tout_,1,n
_treasures_,1,n
_tried_,1,n
_true_,1,n
_try_,1,n
_twice_,1,n
_twofold_,1,n
_uncle_,1,n
_understand_,1,n
_unreasonable_,1,n
_unrequited_,1,n
_up_,1,n
_used_,1,n
_vices_,1,n
_views_,1,n
_violent,1,n
_vivant_,1,n
_wanted_,1,n
_way_,1,n
_where_,1,n
_which_,1,n
_wishes_,1,n
_woman_,1,n
_woodhouse_,1,n
_world_,1,n
_young_,1,n
_your,1,n
a'n't,1,n
abating,1,n
abbeyland,1,n
abbots,1,n
abbott,1,n
abbreviation,1,n
abdication,1,n
abdy's,1,n
abiding,1,n
abjectly,1,n
abjuring,1,n
ablest,1,n
ablution,1,n
abolish,1,n
abolishing,1,n
abolition,1,n
abominates,1,n
abound,1,n
abounded,1,n
abounding,1,n
abridge,1,n
abridgement,1,n
abridger,1,n
abscond,1,n
absences,1,n
absorbed,1,n
absorbing,1,n
abstained,1,n
abstinence,1,n
abstract,1,n
abstracted,1,n
abstruse,1,n
abydos,1,n
abyss,1,n
acacia,1,n
academy,1,n
acceding,1,n
accelerate,1,n
acceptably,1,n
accepts,1,n
accessed,1,n
accessions,1,n
accidents,1,n
accommodated,1,n
accomodate,1,n
accompaniment,1,n
accompaniments,1,n
accords,1,n
accrued,1,n
accumulations,1,n
accuracy,1,n
accusing,1,n
accustom,1,n
achieve,1,n
achievement,1,n
achievements,1,n
achieving,1,n
acknowledgements,1,n
acquaintance's,1,n
acquiring,1,n
acquits,1,n
acrimony,1,n
acrostic,1,n
actress,1,n
acutest,1,n
adapting,1,n
adept,1,n
adequately,1,n
adherence,1,n
adjoined,1,n
adjourned,1,n
admiralty,1,n
admits,1,n
admonishing,1,n
adopting,1,n
adoption,1,n
adores,1,n
adorn,1,n
adventuring,1,n
adventurous,1,n
adversary's,1,n
advertise,1,n
advertising,1,n
advisers,1,n
advises,1,n
advocates,1,n
affirmed,1,n
affix,1,n
afresh,1,n
afternoon's,1,n
againsts,1,n
agatha's,1,n
agathas,1,n
aggrandise,1,n
aggrandizement,1,n
aggravated,1,n
aggregate,1,n
aggression,1,n
agincourt,1,n
agricola,1,n
agricultural,1,n
agriculture,1,n
ague,1,n
ahead,1,n
aids,1,n
ailed,1,n
aimable,1,n
aisles,1,n
al,1,n
aladdin's,1,n
albion,1,n
alcove,1,n
alcoves,1,n
alderneys,1,n
alehouses,1,n
alfred,1,n
algebra,1,n
alienable,1,n
alienate,1,n
alienations,1,n
allay,1,n
alledged,1,n
allegretto,1,n
alleviate,1,n
alleviated,1,n
alley,1,n
alliterative,1,n
allot,1,n
allotted,1,n
allowably,1,n
alloyed,1,n
alludes,1,n
ally,1,n
almshouses,1,n
alphabetically,1,n
altercation,1,n
alternatives,1,n
amateur,1,n
amazes,1,n
amber,1,n
ambiguous,1,n
amenable,1,n
amended,1,n
amicable,1,n
amplifying,1,n
amusement_,1,n
ancestry,1,n
anchor,1,n
anchorage,1,n
andersons,1,n
andrews_,1,n
angles,1,n
anhalt's,1,n
animal's,1,n
animals,1,n
animosities,1,n
anjou,1,n
annamaria's,1,n
anniversary,1,n
announces,1,n
annoyed,1,n
annulling,1,n
anonymous,1,n
another_,1,n
answerit,1,n
ante,1,n
antechamber,1,n
anthology,1,n
anthony,1,n
antichambers,1,n
antidote,1,n
antique,1,n
antwerp's,1,n
anxiousness,1,n
anymore,1,n
anywise,1,n
apeice,1,n
apiece,1,n
apologized,1,n
apologizing,1,n
apoplectic,1,n
apoplexy,1,n
apostrophe,1,n
appalled,1,n
apparatus,1,n
apparents,1,n
appealing,1,n
appeals,1,n
appendages,1,n
appertain,1,n
appertaining,1,n
appetites,1,n
applauding,1,n
applause,1,n
applicant,1,n
applicants,1,n
applies,1,n
appointments,1,n
appreciated,1,n
appreciating,1,n
appreciation,1,n
apprised,1,n
approachable,1,n
appropriating,1,n
approver,1,n
apron,1,n
arbiters,1,n
arc,1,n
arched,1,n
archway,1,n
arcturus,1,n
ardours,1,n
argumentative,1,n
arises,1,n
aristocratic,1,n
armadas,1,n
armed,1,n
arming,1,n
aroused,1,n
arranger,1,n
arranges,1,n
arrives,1,n
arrogant,1,n
arrow,1,n
arthur,1,n
articulation,1,n
artifices,1,n
artistic,1,n
ascend,1,n
ascends,1,n
ascribed,1,n
ash,1,n
ashworth,1,n
asia,1,n
aspersed,1,n
aspersion,1,n
aspires,1,n
aspiring,1,n
assail,1,n
assassins,1,n
assaulted,1,n
assemble,1,n
assents,1,n
assess,1,n
assignment,1,n
assistants,1,n
assizes,1,n
assorted,1,n
assorting,1,n
astonishes,1,n
atkinson,1,n
atom,1,n
atoning,1,n
atrocities,1,n
attachment's,1,n
attain,1,n
attentiveness,1,n
attics,1,n
attired,1,n
attorneys,1,n
au,1,n
aubin,1,n
auburn,1,n
audacious,1,n
audacity,1,n
auditor,1,n
auditors,1,n
aught,1,n
augmentation,1,n
augmenting,1,n
augured,1,n
augustus's,1,n
auspicious,1,n
auspiciously,1,n
austin,1,n
authentic,1,n
authenticity,1,n
authoress,1,n
autumnal,1,n
auxiliary,1,n
averse,1,n
avocations,1,n
awaiting,1,n
awakening,1,n
awaking,1,n
awes,1,n
awfulness,1,n
awhile,1,n
awkwardest,1,n
azure,1,n
babel,1,n
baby's,1,n
bachelor's,1,n
badge,1,n
badly,1,n
bahama,1,n
baited,1,n
baits,1,n
bake,1,n
baker,1,n
baker's,1,n
bakewell,1,n
baking,1,n
balanced,1,n
baldwin's,1,n
ballroom's,1,n
balmy,1,n
baly,1,n
banbury,1,n
band,1,n
bandied,1,n
banditti,1,n
bane,1,n
banging,1,n
bangs,1,n
banishment,1,n
banker,1,n
banker's,1,n
banking,1,n
banns,1,n
banquo,1,n
banter,1,n
bar,1,n
barbarism,1,n
barbarity,1,n
barefaced,1,n
barking,1,n
barnes,1,n
barometer,1,n
baronetcies,1,n
baronight,1,n
baronne,1,n
barouches,1,n
barrel,1,n
barren,1,n
barrier,1,n
baseball,1,n
bashfulness,1,n
basins,1,n
baskets,1,n
bass,1,n
bath_,1,n
baths,1,n
battled,1,n
battles,1,n
bawling,1,n
bayes,1,n
beach,1,n
beachey,1,n
beads,1,n
beamed,1,n
beaming,1,n
bearable,1,n
bearings,1,n
beast,1,n
beasts,1,n
beatings,1,n
beaufet,1,n
beaulieu,1,n
beautified,1,n
beautifier,1,n
beautifying,1,n
beavers,1,n
beckoned,1,n
beckoning,1,n
becomingness,1,n
bedchamber,1,n
bedtime,1,n
bee,1,n
beech,1,n
been_,1,n
beet,1,n
beetle,1,n
befalls,1,n
befriend,1,n
beggar's,1,n
belie,1,n
belied,1,n
belinda,1,n
bella,1,n
bely,1,n
benefactors,1,n
benefactress,1,n
beneficence,1,n
benefiting,1,n
benefits,1,n
benignant,1,n
benumbed,1,n
bequeathing,1,n
berkshire,1,n
bermuda,1,n
bernards,1,n
berth,1,n
bertram_,1,n
besought,1,n
bestows,1,n
bet,1,n
betide,1,n
betimes,1,n
betrayer,1,n
betrays,1,n
bets,1,n
betweens,1,n
bewailed,1,n
bewailing,1,n
bewitches,1,n
bickerings,1,n
biddy,1,n
bigger,1,n
billet,1,n
binary,1,n
binding,1,n
biographer's,1,n
biography,1,n
birthday,1,n
birthright,1,n
bitch,1,n
biting,1,n
blacken,1,n
blacksmith's,1,n
blains,1,n
blair,1,n
blair's,1,n
blamelessness,1,n
blanche,1,n
blankets,1,n
blanks,1,n
bleak,1,n
bled,1,n
blemish,1,n
blenheim,1,n
blessedness,1,n
blew,1,n
blighted,1,n
blights,1,n
blinder,1,n
blindly,1,n
blister,1,n
blocked,1,n
blockheads,1,n
blossom,1,n
blots,1,n
blotted,1,n
blotting,1,n
blowsy,1,n
blues,1,n
blunted,1,n
bluntly,1,n
bluntness,1,n
bluster,1,n
boards,1,n
boastful,1,n
boasts,1,n
boatmen,1,n
boatswain,1,n
boded,1,n
boil,1,n
boiling,1,n
boils,1,n
boisterous,1,n
boisterously,1,n
bolt,1,n
bolts,1,n
bon,1,n
bonmots,1,n
bonnets,1,n
bonomi's,1,n
bookbinder,1,n
bookish,1,n
bookseller's,1,n
booksellers,1,n
booted,1,n
bores,1,n
bosoms,1,n
bosworth,1,n
bother,1,n
bottoms,1,n
bough,1,n
bout,1,n
bowl,1,n
boxed,1,n
brabourne,1,n
bracelets,1,n
bragging,1,n
braids,1,n
brained,1,n
braithwaites,1,n
branched,1,n
brand,1,n
branxholm,1,n
brat,1,n
bravado,1,n
bravery,1,n
braving,1,n
bravissimo,1,n
brawn,1,n
breadth,1,n
breakfasting,1,n
breaks,1,n
breathings,1,n
breaths,1,n
breeches,1,n
breezes,1,n
brethren,1,n
brevity,1,n
brewing,1,n
bribe,1,n
bribed,1,n
bribery,1,n
bribing,1,n
brickbat,1,n
bricklayer,1,n
bridesmaids,1,n
bridgets,1,n
bridle,1,n
brighten,1,n
brightens,1,n
briskness,1,n
brittle,1,n
broadly,1,n
broadway,1,n
broadwood,1,n
broadwood's,1,n
brock,1,n
brockham,1,n
broiled,1,n
bromley,1,n
brood,1,n
brooding,1,n
broodings,1,n
brooking,1,n
broth,1,n
brotherliness,1,n
brown's,1,n
browne's,1,n
bruised,1,n
bruises,1,n
brunton,1,n
brush,1,n
buck,1,n
buckles,1,n
buffoonery,1,n
bullen,1,n
bulls,1,n
buns,1,n
burden,1,n
burgess,1,n
burlesque,1,n
bushel,1,n
busiest,1,n
bustling,1,n
butter's,1,n
buttered,1,n
button,1,n
buttons,1,n
buyings,1,n
byron's,1,n
bystanders,1,n
c.l,1,n
cabbage,1,n
cabin,1,n
cabinets,1,n
cadet,1,n
caesar,1,n
cakes,1,n
calculates,1,n
calendar,1,n
callers,1,n
calming,1,n
cambric,1,n
cameos,1,n
campful,1,n
canary,1,n
candidates,1,n
canopus,1,n
canst,1,n
canter,1,n
canterbury,1,n
canvas,1,n
capacities,1,n
caper,1,n
capitalisations,1,n
capo,1,n
capped,1,n
capriciousness,1,n
capt,1,n
captiously,1,n
captivation,1,n
captives,1,n
captures,1,n
caractacus,1,n
caressing,1,n
carmarthen,1,n
carpentered,1,n
carpenters,1,n
carpeted,1,n
carpets,1,n
carrot,1,n
carte,1,n
cartwright,1,n
casino,1,n
cassandra,1,n
cassiopeia,1,n
casts,1,n
casual,1,n
catalogue,1,n
catchword,1,n
cath,1,n
catholics,1,n
cats,1,n
causers,1,n
cautioned,1,n
cave,1,n
caviller,1,n
cedar,1,n
celery,1,n
cell,1,n
cellars,1,n
censuring,1,n
central,1,n
centred,1,n
cents,1,n
centuries,1,n
ceremonial,1,n
certainties,1,n
certify,1,n
cetera,1,n
chagrin,1,n
chagrined,1,n
chairwomen,1,n
chaises,1,n
challenging,1,n
chamberlayne,1,n
champion,1,n
chandler's,1,n
chapels,1,n
chaperone,1,n
chaperones,1,n
chaplains,1,n
characterise,1,n
characteristics,1,n
charectarestic,1,n
charging,1,n
charming_,1,n
chase,1,n
chasing,1,n
chasms,1,n
chatsworth,1,n
chawton,1,n
chearful,1,n
chearfullness,1,n
chearfully,1,n
cheating,1,n
checker,1,n
checks,1,n
cheerer,1,n
cheeses,1,n
cheif,1,n
cheifly,1,n
cheltenham,1,n
cherishes,1,n
cheshire,1,n
chestnut,1,n
chick,1,n
chickens,1,n
chilblains,1,n
childless,1,n
chili,1,n
chilled,1,n
chilling,1,n
chills,1,n
chilly,1,n
chin,1,n
chivalry,1,n
choked,1,n
christchurch,1,n
christendom,1,n
christening,1,n
christians,1,n
chronological,1,n
chuckle,1,n
church's,1,n
churchill'd,1,n
churchwardens,1,n
churchyard,1,n
chuser,1,n
ciphers,1,n
circuitous,1,n
circular,1,n
circulate,1,n
circumspect,1,n
circumventing,1,n
cities,1,n
citizen,1,n
civilized,1,n
clamour,1,n
clandestinely,1,n
claret,1,n
clarke's,1,n
clash,1,n
classic,1,n
clatter,1,n
claudia's,1,n
clause,1,n
claverton,1,n
clayton,1,n
cleanliness,1,n
cleanse,1,n
cleansed,1,n
clement's,1,n
cleopatra,1,n
clerical,1,n
cleverest,1,n
climbing,1,n
clime,1,n
climes,1,n
clink,1,n
cliveland,1,n
cloathes,1,n
clogged,1,n
clogs,1,n
cloister,1,n
cloisters,1,n
closeness,1,n
closeted,1,n
closure,1,n
clothing,1,n
cloudy,1,n
clover,1,n
clump,1,n
clumsy,1,n
coachbox,1,n
coaches,1,n
coaching,1,n
coachmaker,1,n
coachmaker's,1,n
coachmanship,1,n
coachmen,1,n
coals,1,n
coax,1,n
coaxed,1,n
cobwebs,1,n
cockade,1,n
cocked,1,n
cockleshell,1,n
cocoa,1,n
cod,1,n
coddling,1,n
codes,1,n
cogent,1,n
cogitation,1,n
coherent,1,n
coincided,1,n
coinciding,1,n
collectively,1,n
collector,1,n
colonels,1,n
colonnade,1,n
colourless,1,n
columella's,1,n
column,1,n
combined,1,n
comer,1,n
comers,1,n
comforter,1,n
comforters,1,n
comical,1,n
comings,1,n
commandingly,1,n
commence,1,n
commendable,1,n
commending,1,n
commented,1,n
commiserated,1,n
commiserating,1,n
commissioner,1,n
commissioner's,1,n
commissioning,1,n
commissions,1,n
committee,1,n
commoner,1,n
commonplaces,1,n
commonwealth,1,n
communicativeness,1,n
compactness,1,n
companionably,1,n
companionship,1,n
compares,1,n
compartment,1,n
compassionately,1,n
compensate,1,n
compensation,1,n
competitors,1,n
compilation,1,n
complacent,1,n
complainer,1,n
completest,1,n
compliant,1,n
complicate,1,n
complicated,1,n
complimenter,1,n
complyed,1,n
component,1,n
composer,1,n
composing,1,n
comprehends,1,n
comprehensible,1,n
compress,1,n
compression,1,n
compromised,1,n
compromising,1,n
compts,1,n
compute,1,n
con,1,n
concealments,1,n
conceals,1,n
conceits,1,n
concentrated,1,n
concentrating,1,n
conceptions,1,n
concerted,1,n
concerting,1,n
concerts,1,n
conciliation,1,n
conclusive,1,n
conclusively,1,n
concussion,1,n
condemns,1,n
condescendingly,1,n
condescends,1,n
condescensions,1,n
condition_,1,n
conditioning,1,n
conductor,1,n
confering,1,n
confers,1,n
confidantes,1,n
confidences,1,n
confidentially,1,n
confides,1,n
confines,1,n
conflicts,1,n
confusedly,1,n
congenial,1,n
conjunction,1,n
conjunctions,1,n
conjure,1,n
conjurer,1,n
conning,1,n
connived,1,n
connoisseur,1,n
connoisseurship,1,n
consents,1,n
conservatory,1,n
consign,1,n
consigning,1,n
consist,1,n
consistence,1,n
consolations,1,n
consonance,1,n
conspired,1,n
constable,1,n
constitute,1,n
constituted,1,n
constitutions,1,n
constrain,1,n
construed,1,n
construing,1,n
consults,1,n
consummate,1,n
consumptive,1,n
contagion,1,n
contaminated,1,n
contemporaries,1,n
contemptibly,1,n
contingencies,1,n
contingent,1,n
contractions,1,n
contrariety,1,n
contrariwise,1,n
contributes,1,n
contriver,1,n
control_,1,n
controllable,1,n
controlled,1,n
controverted,1,n
contusion,1,n
conundrums,1,n
conversible,1,n
converting,1,n
converts,1,n
convicted,1,n
convinces,1,n
convivial,1,n
cook's,1,n
cookery,1,n
cooking,1,n
cooling,1,n
coop,1,n
cooperate,1,n
copses,1,n
coquelicot,1,n
corals,1,n
cork,1,n
corn,1,n
corners,1,n
cornwall,1,n
coroneted,1,n
corporal,1,n
corpse,1,n
correction,1,n
corrective,1,n
corresponds,1,n
corroboration,1,n
corrupt,1,n
corrupting,1,n
corruption,1,n
costing,1,n
costliness,1,n
cotillion,1,n
cotillions,1,n
couch,1,n
couched,1,n
coughs,1,n
councillors,1,n
countenanced,1,n
counteracting,1,n
counteractions,1,n
counterpane,1,n
counterpoise,1,n
countess,1,n
counting,1,n
countrywoman,1,n
coupled,1,n
couplet,1,n
cour,1,n
courageous,1,n
courageously,1,n
courcy's,1,n
courcys,1,n
courier,1,n
courteney,1,n
courts,1,n
courtships,1,n
covenant,1,n
covent,1,n
coverley's,1,n
covet,1,n
covies,1,n
cowardly,1,n
cowper's,1,n
cox's,1,n
coxcombs,1,n
coze,1,n
crabbe's,1,n
cradle,1,n
cradles,1,n
craig,1,n
cramer,1,n
crammed,1,n
cramped,1,n
cramps,1,n
crape,1,n
crayon,1,n
created_,1,n
creative,1,n
creature's,1,n
credible,1,n
credited,1,n
crediting,1,n
creditor,1,n
credits,1,n
credulous,1,n
crib,1,n
cribbage,1,n
cries,1,n
crimson,1,n
cripple,1,n
criticising,1,n
critics,1,n
croaking,1,n
crosbie,1,n
crosser,1,n
crosses,1,n
crow's,1,n
crowns,1,n
crowsfoot,1,n
crumbles,1,n
crushed,1,n
crushing,1,n
cuffs,1,n
culled,1,n
culpable,1,n
cumbersome,1,n
cummin,1,n
cupboards,1,n
cupid's,1,n
cups,1,n
curate's,1,n
curiosities,1,n
curiously,1,n
curled,1,n
curls,1,n
currants,1,n
curry,1,n
curs,1,n
curtseys,1,n
curtsied,1,n
curtsies,1,n
curtsy,1,n
curtsying,1,n
curve,1,n
custard,1,n
custody,1,n
customs,1,n
cutlets,1,n
cuts,1,n
d'almane,1,n
d'arblay's,1,n
d'ostalis,1,n
da,1,n
daemon,1,n
daggers,1,n
dale,1,n
damaged,1,n
damask,1,n
damsels,1,n
dangerously,1,n
darcy_,1,n
darest,1,n
daringly,1,n
darings,1,n
darkened,1,n
darkwood,1,n
dartford,1,n
data,1,n
dating,1,n
davis,1,n
dawdle,1,n
dawning,1,n
dazzle,1,n
dazzling,1,n
deaden,1,n
deadened,1,n
deafer,1,n
deafness,1,n
deals,1,n
deanery,1,n
deathlike,1,n
debar,1,n
debased,1,n
debatings,1,n
debility,1,n
debut,1,n
dec,1,n
decamping,1,n
decayed,1,n
decaying,1,n
deceitfull,1,n
deceives,1,n
decencies,1,n
decently,1,n
deceptions,1,n
decipher,1,n
deciphered,1,n
deckers,1,n
decorated,1,n
decorums,1,n
decrease,1,n
decrepitude,1,n
decried,1,n
decrying,1,n
dedicating,1,n
dedication,1,n
deducted,1,n
deductible,1,n
deducting,1,n
deedily,1,n
defamed,1,n
defaming,1,n
default,1,n
defeat,1,n
defeating,1,n
defense,1,n
deferring,1,n
defies,1,n
definable,1,n
definite,1,n
defrauding,1,n
defunct,1,n
degenerate,1,n
degraded,1,n
deigning,1,n
dejectedly,1,n
dela,1,n
delegating,1,n
deletions,1,n
deliberate,1,n
deliberated,1,n
deliberations,1,n
delicacies,1,n
delightfull,1,n
delivering,1,n
deluded,1,n
deluding,1,n
demeanor,1,n
demesne,1,n
demesnes,1,n
demonstrations,1,n
demur,1,n
demurred,1,n
demurs,1,n
denials,1,n
denmark,1,n
dennison's,1,n
denominated,1,n
denotes,1,n
denoting,1,n
departures,1,n
dependance,1,n
dependencies,1,n
depictured,1,n
deploring,1,n
depose,1,n
depreciate,1,n
depreciation,1,n
depredations,1,n
depressing,1,n
depth,1,n
deputation,1,n
derives,1,n
derogatory,1,n
desirably,1,n
desist,1,n
despatches,1,n
despatching,1,n
despicably,1,n
despises,1,n
despoiling,1,n
despotic,1,n
destin'd,1,n
desultory,1,n
detachment,1,n
determinateness,1,n
deterred,1,n
detestably,1,n
detestation,1,n
dethrone,1,n
detract,1,n
detriment,1,n
detrimental,1,n
deuce,1,n
develop,1,n
developing,1,n
devereux,1,n
deviated,1,n
devices,1,n
devizes,1,n
devoirs,1,n
devolved,1,n
devotedly,1,n
devotions,1,n
devoured,1,n
devourer,1,n
dew,1,n
dews,1,n
dexterously,1,n
dialogues,1,n
diana,1,n
diary,1,n
dick's,1,n
dictates,1,n
didactic,1,n
diet,1,n
diffusely,1,n
diffuseness,1,n
diffuses,1,n
diffusion,1,n
dignifies,1,n
dignities,1,n
digress,1,n
digressions,1,n
dilapidations,1,n
dilatoriness,1,n
dilemma,1,n
diligently,1,n
diluted,1,n
diminushed,1,n
dimity,1,n
dimly,1,n
dimming,1,n
dimness,1,n
dinings,1,n
disagreeableness,1,n
disagreeables,1,n
disagreeably,1,n
disagreed,1,n
disagrees,1,n
disappearing,1,n
disapproves,1,n
disarmed,1,n
disaster,1,n
disastrous,1,n
disbelief,1,n
discernible,1,n
disclaimers,1,n
disclose,1,n
discloses,1,n
discomfited,1,n
discontentedness,1,n
discontinuance,1,n
discontinue,1,n
discontinued,1,n
discontinuing,1,n
discordancies,1,n
discoverable,1,n
discreditable,1,n
discreeter,1,n
discreetly,1,n
discriminating,1,n
discussions,1,n
disdainful,1,n
disdaining,1,n
diseased,1,n
disencumbered,1,n
disengagement,1,n
disengaging,1,n
disentangled,1,n
disesteem,1,n
disfigured,1,n
disgusts,1,n
dishabille,1,n
dishonest,1,n
dishonestly,1,n
dishonesty,1,n
dishonourable,1,n
dishonourably,1,n
disincline,1,n
disingenuous,1,n
disingenuousness,1,n
disinherited,1,n
disinterestedly,1,n
disjointed,1,n
disk,1,n
dislocated,1,n
dismembered,1,n
dismission,1,n
dismount,1,n
disobedience,1,n
disobedient,1,n
disoblige,1,n
disparagement,1,n
dispatches,1,n
dispelled,1,n
dispelling,1,n
dispensation,1,n
dispensed,1,n
dispensing,1,n
dispiriting,1,n
disposes,1,n
disproportionate,1,n
disputing,1,n
disqualifications,1,n
disqualified,1,n
disquieted,1,n
disquisition,1,n
dissapointed,1,n
dissapointment,1,n
dissembling,1,n
dissented,1,n
dissentient,1,n
dissenting,1,n
dissimulation,1,n
dissipate,1,n
dissipating,1,n
dissolving,1,n
distantly,1,n
distasteful,1,n
distinctness,1,n
distinguishable,1,n
distinguishes,1,n
distracting,1,n
distraction,1,n
distracts,1,n
distressfully,1,n
distributor,1,n
distrusting,1,n
distrusts,1,n
disturbances,1,n
disturber,1,n
disturbers,1,n
ditch,1,n
diversities,1,n
divested,1,n
divined,1,n
divining,1,n
divinity,1,n
do's,1,n
dobson,1,n
docile,1,n
doctor's,1,n
document,1,n
doge,1,n
dolls,1,n
domesticated,1,n
domestics,1,n
domiciled,1,n
domingo,1,n
donation,1,n
donkeys,1,n
donors,1,n
doom,1,n
dooming,1,n
dorking,1,n
dormant,1,n
dormouse,1,n
dorothea's,1,n
dote,1,n
doth,1,n
dotted,1,n
doubling,1,n
doubtfully,1,n
douceur,1,n
douglas,1,n
dove,1,n
dovedale,1,n
dover,1,n
downloading,1,n
downy,1,n
draft,1,n
dragoons,1,n
drains,1,n
drakes,1,n
dramatic,1,n
dramatis,1,n
drawbacks,1,n
drawbridge,1,n
drays,1,n
drayton,1,n
dreams,1,n
dreary,1,n
dresden,1,n
dressy,1,n
driest,1,n
drifted,1,n
drifting,1,n
drills,1,n
driver,1,n
drivers,1,n
drives,1,n
drizzle,1,n
drooping,1,n
drop's,1,n
drudge,1,n
druggist,1,n
drugs,1,n
drummond's,1,n
drunken,1,n
drunkenness,1,n
drury,1,n
dryer,1,n
duberley,1,n
dubious,1,n
dublin,1,n
duchess,1,n
ductility,1,n
duel,1,n
duenna,1,n
duet,1,n
dugdale,1,n
dumpling,1,n
dumplings,1,n
dunbeath,1,n
dung,1,n
dungeon,1,n
duplicate,1,n
durability,1,n
durands,1,n
dusty,1,n
dwarf,1,n
dwellings,1,n
dwells,1,n
dwindle,1,n
dwindled,1,n
dyed,1,n
e's,1,n
earl's,1,n
eased,1,n
eastbourne,1,n
easterly,1,n
eastern,1,n
easton,1,n
eastward,1,n
eater,1,n
ebullition,1,n
eclaircissement,1,n
eclipse,1,n
eclipsed,1,n
edgeworth,1,n
edifices,1,n
edify,1,n
edited,1,n
educate,1,n
educational,1,n
edw,1,n
edwards,1,n
effaced,1,n
efficacious,1,n
ein,1,n
eleanors,1,n
election,1,n
electrified,1,n
elephant,1,n
eligibilities,1,n
elinor_,1,n
eliot,1,n
elizabeths,1,n
ellinor,1,n
elliott's,1,n
ellis,1,n
elocution,1,n
eloisas,1,n
elucidated,1,n
elude,1,n
emancipation,1,n
embarrass,1,n
embers,1,n
embitter,1,n
emblem,1,n
embodied,1,n
embody,1,n
embroiled,1,n
emendation,1,n
emergency,1,n
emitted,1,n
emmas,1,n
emmeline,1,n
emminent,1,n
emperors,1,n
emphasised,1,n
emphatic,1,n
employee,1,n
employees,1,n
employer,1,n
empties,1,n
emulate,1,n
emulating,1,n
emulation,1,n
en,1,n
enamoured,1,n
encamped,1,n
enchanting,1,n
enclosing,1,n
enclosures,1,n
encore,1,n
encountering,1,n
encourager,1,n
encreasing,1,n
encroachments,1,n
encumber,1,n
endangering,1,n
endears,1,n
endeavor,1,n
endeavoring,1,n
endeavors,1,n
endurances,1,n
endymion,1,n
enfeebled,1,n
enforcement,1,n
enfranchisement,1,n
engagement's,1,n
engages,1,n
engagingly,1,n
englishman's,1,n
engrosses,1,n
enhanced,1,n
enhancement,1,n
enigmas,1,n
enjoyable,1,n
enlarging,1,n
enlighten,1,n
enlivening,1,n
enmity,1,n
ennoble,1,n
enormously,1,n
enquirer,1,n
enrolled,1,n
ensign,1,n
ensigncy,1,n
enslaved,1,n
ensuring,1,n
entailing,1,n
entanglement,1,n
enters,1,n
entertainingly,1,n
enthusiast,1,n
enthusiasts,1,n
entitling,1,n
entrapped,1,n
entry,1,n
enumerate,1,n
enumerated,1,n
envelop,1,n
envyings,1,n
eoconomical,1,n
eoconomy,1,n
epilogue,1,n
epitaph,1,n
epithet,1,n
epoch,1,n
equalling,1,n
equinox,1,n
equitable,1,n
erase,1,n
erasing,1,n
erect,1,n
errant,1,n
errantry,1,n
erratic,1,n
erring,1,n
erroneous,1,n
errs,1,n
escorting,1,n
escritoire,1,n
espalier,1,n
espionage,1,n
espoused,1,n
esqre,1,n
esquire,1,n
essence,1,n
eternally,1,n
eternity,1,n
eton,1,n
eulogium,1,n
eulogized,1,n
europe,1,n
evanescent,1,n
eventful,1,n
everyone's,1,n
evidences,1,n
evinced,1,n
evincing,1,n
exacted,1,n
exacting,1,n
exaggerate,1,n
exalt,1,n
examinations,1,n
exasperating,1,n
exceeds,1,n
excelled,1,n
excellency,1,n
excells,1,n
exceptional,1,n
exchanging,1,n
exciter,1,n
exculpate,1,n
excursive,1,n
excursus,1,n
execrable,1,n
execute,1,n
executing,1,n
executive,1,n
executor,1,n
executors,1,n
exemplification,1,n
exemplify,1,n
exercises,1,n
exeunt,1,n
exhaust,1,n
exhaustless,1,n
exhibitions,1,n
exhilarated,1,n
exhilaration,1,n
exile,1,n
exiled,1,n
expand,1,n
expatiate,1,n
expectant,1,n
expectations_,1,n
expedite,1,n
expedited,1,n
expeditious,1,n
expel,1,n
expend,1,n
expensively,1,n
expensiveness,1,n
experimental,1,n
expiation,1,n
expiration,1,n
expire,1,n
expires,1,n
expiring,1,n
explicitly,1,n
exploit,1,n
exploits,1,n
explored,1,n
exporting,1,n
exposes,1,n
expostulate,1,n
expostulation,1,n
expresses,1,n
expressione,1,n
extacies,1,n
extacy,1,n
extant,1,n
extempore,1,n
extenuating,1,n
extenuations,1,n
exteriors,1,n
extinguish,1,n
extolling,1,n
extorting,1,n
extra,1,n
extracted,1,n
extractions,1,n
extraordinarily,1,n
extremes,1,n
extremest,1,n
extremities,1,n
extricated,1,n
exuberant,1,n
exult,1,n
eyes_,1,n
facilitate,1,n
facility,1,n
faculty,1,n
fade,1,n
fading,1,n
fag,1,n
faggot,1,n
faintings,1,n
faintly,1,n
faintness,1,n
faints,1,n
fairness,1,n
fait,1,n
faithless,1,n
fallow,1,n
falter,1,n
famed,1,n
familiarise,1,n
familiarised,1,n
familiarized,1,n
famously,1,n
fancifulness,1,n
farce,1,n
fared,1,n
faring,1,n
farrier's,1,n
fascinating,1,n
fashionably,1,n
fastener,1,n
fastening,1,n
fastidiousness,1,n
fatherly,1,n
fathomed,1,n
faulkland,1,n
favor,1,n
favourer,1,n
favourite's,1,n
fearfulness,1,n
fearlessly,1,n
fearlessness,1,n
feasted,1,n
featured,1,n
feb,1,n
febry,1,n
feign,1,n
feigning,1,n
felicitous,1,n
felling,1,n
fellowship,1,n
felow,1,n
fenced,1,n
fertile,1,n
fervently,1,n
festival,1,n
festivities,1,n
festivity,1,n
festoons,1,n
feuillide,1,n
fewest,1,n
fidgetiness,1,n
fidgeting,1,n
fidgetings,1,n
fidgety,1,n
fiend,1,n
fifteenth,1,n
fiftieth,1,n
figured,1,n
files,1,n
financial,1,n
finessed,1,n
finessing,1,n
fingering,1,n
fir,1,n
fired,1,n
firstly,1,n
fitly,1,n
fitter,1,n
fittest,1,n
fitzowen,1,n
fixedly,1,n
flag,1,n
flags,1,n
flambeau's,1,n
flambeaus,1,n
flame,1,n
flaming,1,n
flaring,1,n
flatness,1,n
flatterers,1,n
flatters,1,n
flavoured,1,n
fled,1,n
flexibility,1,n
flighty,1,n
flirtations,1,n
floated,1,n
floating,1,n
flock,1,n
flocks,1,n
flogged,1,n
flogging,1,n
floors,1,n
florid,1,n
flourish,1,n
flourished,1,n
fluctuation,1,n
fluctuations,1,n
flung,1,n
flurried,1,n
flurry,1,n
flush,1,n
fluttering,1,n
flutterings,1,n
foes,1,n
foggy,1,n
fogs,1,n
foiled,1,n
foils,1,n
fold,1,n
foliage,1,n
folios,1,n
fool's,1,n
foot's,1,n
footed,1,n
foppery,1,n
forbad,1,n
forborne,1,n
forded,1,n
fordyce's,1,n
foreboded,1,n
foregrounds,1,n
forehand,1,n
forehead,1,n
foreplanned,1,n
forestalling,1,n
foretelling,1,n
forfeiting,1,n
forgetfullness,1,n
forgo,1,n
fork,1,n
fors,1,n
forster's,1,n
forsters,1,n
forswear,1,n
fortheringay,1,n
fortifying,1,n
fortuitous,1,n
fountainhead,1,n
fourteenth,1,n
fourthly,1,n
fowl,1,n
foxhounds,1,n
fractured,1,n
fragment,1,n
fragmented,1,n
fragments,1,n
frailty,1,n
frames,1,n
frankland,1,n
frankly,1,n
fraud,1,n
frauds,1,n
fray,1,n
freak,1,n
freckled,1,n
freeman,1,n
frenchwoman,1,n
frequented,1,n
frequenters,1,n
frequenting,1,n
fresco,1,n
freshest,1,n
fretful,1,n
frets,1,n
fretting,1,n
fricassee,1,n
friendlier,1,n
friendliest,1,n
frighted,1,n
frightens,1,n
frightfully,1,n
frights,1,n
frisks,1,n
fro,1,n
frock,1,n
frocks,1,n
froid,1,n
frontispiece,1,n
fronts,1,n
frosty,1,n
fruitful,1,n
fruition,1,n
fugitives,1,n
fulness,1,n
fund,1,n
funded,1,n
funds,1,n
funereal,1,n
furious,1,n
furlong,1,n
furlongs,1,n
furnishes,1,n
futurity,1,n
gad,1,n
gadding,1,n
gains,1,n
gaiters,1,n
gala,1,n
gale,1,n
gallantly,1,n
gallants,1,n
galling,1,n
gallop,1,n
galloped,1,n
galloping,1,n
gamekeeper,1,n
gammon,1,n
gaped,1,n
gapes,1,n
gargery,1,n
garret,1,n
garrets,1,n
garrick's,1,n
garrison,1,n
garters,1,n
gascoigne,1,n
gasp,1,n
gaudy,1,n
gayest,1,n
gazebos,1,n
gazes,1,n
geese,1,n
genlis,1,n
genteelly,1,n
gentilities,1,n
gentlest,1,n
gentry,1,n
genuinely,1,n
geraniums,1,n
gestures,1,n
giant,1,n
giants,1,n
gibberish,1,n
gibson,1,n
giddiness,1,n
giggle,1,n
giggling,1,n
gilpin,1,n
gilpin's,1,n
gingerbread,1,n
girlishly,1,n
glazing,1,n
gleaning,1,n
glebe,1,n
glen,1,n
glenford,1,n
glibly,1,n
glide,1,n
gliding,1,n
glimmer,1,n
glimpses,1,n
gloomily,1,n
gloominess,1,n
gloss,1,n
glossed,1,n
gloucester,1,n
glove,1,n
glued,1,n
gnawing,1,n
goals,1,n
godby,1,n
gods,1,n
goer,1,n
goers,1,n
good_,1,n
goodhumoured,1,n
goodly,1,n
goodson,1,n
gooseberry,1,n
gossiping,1,n
gossips,1,n
goulding,1,n
governance,1,n
governess's,1,n
governor,1,n
gracefull,1,n
gracefulness,1,n
graham's,1,n
grain,1,n
grammar,1,n
grammarian,1,n
grammatical,1,n
grandchildren,1,n
grandfather's,1,n
grandmamma,1,n
grandpapas,1,n
grandson's,1,n
granting,1,n
grantley's,1,n
grapes,1,n
grasp,1,n
grasped,1,n
grated,1,n
grating,1,n
gray,1,n
grazier,1,n
grease,1,n
greasy,1,n
greatcoated,1,n
greediness,1,n
green's,1,n
greenhouse,1,n
greenroom,1,n
greensward,1,n
gregory,1,n
gregorys,1,n
greive,1,n
greville's,1,n
griefs,1,n
grierson,1,n
griping,1,n
groans,1,n
grocer,1,n
grog,1,n
groping,1,n
grossest,1,n
grudge,1,n
guardian's,1,n
guards,1,n
guesses,1,n
guidable,1,n
guides,1,n
guiltless,1,n
gulf,1,n
gunsmith's,1,n
gusts,1,n
gutenberg’s,1,n
gutters,1,n
h.m,1,n
haberdasher's,1,n
habitually,1,n
habituated,1,n
habitude,1,n
haggard,1,n
haggling,1,n
hail,1,n
hairdresser,1,n
hairs,1,n
hale,1,n
halloo,1,n
hamiltons,1,n
hamlet,1,n
hammer,1,n
hampden,1,n
hampshire,1,n
handbarrow,1,n
handles,1,n
hanger,1,n
harasses,1,n
harassing,1,n
harbours,1,n
hardening,1,n
hardily,1,n
hare,1,n
harmonise,1,n
harmonised,1,n
harness,1,n
harpsichord,1,n
harringtons,1,n
harrison,1,n
harsher,1,n
harshest,1,n
harshness,1,n
hartfield's,1,n
hartshorn,1,n
hashes,1,n
hasp,1,n
hatefully,1,n
hatfield,1,n
hatton,1,n
haughtiness,1,n
haunches,1,n
haunt,1,n
haunting,1,n
hautboy,1,n
hautboys,1,n
hauteur,1,n
havoc,1,n
haye,1,n
hayter's,1,n
hazel,1,n
hazy,1,n
headaches,1,n
headquarters,1,n
headship,1,n
healed,1,n
healing,1,n
healthfulness,1,n
heap,1,n
heaped,1,n
hearer,1,n
heartache,1,n
heartburnings,1,n
heartening,1,n
hearth,1,n
heartiest,1,n
heartless,1,n
heats,1,n
heave,1,n
heaved,1,n
heavier,1,n
hectic,1,n
hedgerow,1,n
heelpeiced,1,n
heels,1,n
heightenings,1,n
heights,1,n
heinous,1,n
heiresses,1,n
helps,1,n
hem,1,n
hemmed,1,n
hems,1,n
hen,1,n
henshawe,1,n
herald,1,n
herefordshire,1,n
heritage,1,n
heroically,1,n
heterogeneous,1,n
highflown,1,n
hilarity,1,n
hinder,1,n
hindered,1,n
ho,1,n
hoard,1,n
hoarded,1,n
hobby,1,n
holboun,1,n
holford's,1,n
holla,1,n
hollowed,1,n
holly,1,n
holy,1,n
holyhead,1,n
homage,1,n
homely,1,n
homestall,1,n
homewards,1,n
honey,1,n
honeysuckles,1,n
honorable,1,n
honorably,1,n
hood,1,n
hoop,1,n
hope's,1,n
hopelessness,1,n
hopped,1,n
hornpipe,1,n
horridest,1,n
horse's,1,n
horsemen's,1,n
horsepond,1,n
hospitably,1,n
hostile,1,n
hotels,1,n
hounds,1,n
hounslow,1,n
housekeepers,1,n
houseroom,1,n
hows,1,n
howsoever,1,n
html,1,n
hues,1,n
hulk,1,n
humane,1,n
humanely,1,n
humbler,1,n
hume,1,n
humiliations,1,n
hummed,1,n
humming,1,n
humored,1,n
humorous,1,n
humouring,1,n
humourous,1,n
humphing,1,n
hunts,1,n
huntsman,1,n
hurricane,1,n
hurst's,1,n
hursts,1,n
hurtful,1,n
hurting,1,n
hussy,1,n
huswifes,1,n
hyacinths,1,n
hymen,1,n
hymen's,1,n
hyperbolical,1,n
hypertext,1,n
ibbotsons,1,n
iddesleigh's,1,n
identification,1,n
idiot,1,n
idled,1,n
idler,1,n
idlest,1,n
idling,1,n
ignoble,1,n
ignobly,1,n
illaudable,1,n
illgotten,1,n
illumined,1,n
illusion,1,n
illustrate,1,n
illustrated,1,n
illustrations_,1,n
illustrious,1,n
imaged,1,n
imagery,1,n
imaginist,1,n
imbecility,1,n
imitated,1,n
imitating,1,n
imitations,1,n
imitators,1,n
immaterial,1,n
immeasurable,1,n
immensely,1,n
immethodical,1,n
immoral,1,n
immortalised,1,n
immortality,1,n
impair,1,n
imparting,1,n
impeaching,1,n
impediments,1,n
impenetrably,1,n
imperturbably,1,n
implacability,1,n
implicated,1,n
implicitness,1,n
implore,1,n
implored,1,n
imploring,1,n
implying,1,n
impolite,1,n
importation,1,n
importuned,1,n
impoverishing,1,n
impracticable,1,n
impregnable,1,n
impressing,1,n
impressive,1,n
imprint,1,n
imprison,1,n
improvable,1,n
improvident,1,n
improvidently,1,n
imprudencies,1,n
imprudently,1,n
impudently,1,n
impulses,1,n
impunity,1,n
impurities,1,n
in_,1,n
inaccurate,1,n
inaction,1,n
inactivity,1,n
inadmissibility,1,n
inadvertencies,1,n
inapplicable,1,n
inarticulately,1,n
inaugurated,1,n
incalculable,1,n
incautiously,1,n
incautiousness,1,n
incident,1,n
incitement,1,n
incitements,1,n
inclining,1,n
inclosing,1,n
includes,1,n
incog,1,n
incoherently,1,n
incomes,1,n
incommode,1,n
incommoding,1,n
incompetency,1,n
incompetent,1,n
incomprehensibility,1,n
incomprehensibly,1,n
inconceivably,1,n
incongruity,1,n
incongruous,1,n
inconsideration,1,n
inconveniently,1,n
incorrectness,1,n
incredulously,1,n
incumbrance,1,n
incumbrances,1,n
incurably,1,n
incurious,1,n
indecisive,1,n
indefensible,1,n
indefferent,1,n
indefinable,1,n
indemnify,1,n
indemnity,1,n
indenture,1,n
independance,1,n
indescribably,1,n
india,1,n
indiaman,1,n
indicating,1,n
indicative,1,n
indignities,1,n
indiscreetly,1,n
indiscriminately,1,n
indiscriminating,1,n
indisputably,1,n
indissoluble,1,n
indistinctly,1,n
indubitably,1,n
induces,1,n
indulges,1,n
industry,1,n
inebriety,1,n
inelegance,1,n
inequalities,1,n
inexcusably,1,n
inexpensive,1,n
inexplicability,1,n
infant's,1,n
infantry,1,n
infants,1,n
infatuating,1,n
infected,1,n
infelicity,1,n
inferences,1,n
inferiorities,1,n
inferiors,1,n
infinity,1,n
infirmities,1,n
inflamed,1,n
inflated,1,n
inflexibly,1,n
infliction,1,n
informality,1,n
information's,1,n
infringement,1,n
infuse,1,n
ing,1,n
inhabiting,1,n
inhale,1,n
inheritor,1,n
inheritress,1,n
inherits,1,n
inhuman,1,n
inimical,1,n
iniquitous,1,n
iniquity,1,n
initial,1,n
injudiciously,1,n
inkstand,1,n
innkeepers,1,n
inoffensive,1,n
inquietudes,1,n
inquisitiveness,1,n
insane,1,n
insanity,1,n
insatiable,1,n
inscriptions,1,n
insensibly,1,n
inseparably,1,n
inserting,1,n
insertion,1,n
insights,1,n
insinuated,1,n
insinuates,1,n
insisting,1,n
insolently,1,n
insolvent,1,n
inspiration,1,n
inspires,1,n
inspirit,1,n
inspiriting,1,n
installed,1,n
instants,1,n
instigated,1,n
institute,1,n
instituted,1,n
institutionary,1,n
instructing,1,n
instructive,1,n
instruments,1,n
insufficiency,1,n
insurgents,1,n
insurmountable,1,n
intelligences,1,n
intentional,1,n
intents,1,n
intercept,1,n
intercepting,1,n
interest_,1,n
interior,1,n
intermarriage,1,n
interminable,1,n
international,1,n
interpose,1,n
interposing,1,n
interpret,1,n
interred,1,n
interspersed,1,n
interveiws,1,n
intervened,1,n
intervening,1,n
intervention,1,n
interviews,1,n
intimated,1,n
intimidated,1,n
intirely,1,n
intoxication,1,n
intractable,1,n
intrepidity,1,n
intrigues,1,n
intrinsically,1,n
introduces,1,n
intruded,1,n
intrust,1,n
intuitively,1,n
inure,1,n
invalidity,1,n
invective,1,n
invectives,1,n
inventive,1,n
inventory,1,n
inverted,1,n
invigorating,1,n
inviolable,1,n
invisible,1,n
invitation's,1,n
involantary,1,n
involvement,1,n
involves,1,n
ire,1,n
ironies,1,n
irony,1,n
irrecoverably,1,n
irregularity,1,n
irregularly,1,n
irrelevant,1,n
irreligious,1,n
irreparable,1,n
irreproachably,1,n
irresistibly,1,n
irretrievable,1,n
irreverently,1,n
irrevocably,1,n
irrisistable,1,n
irritability,1,n
irritates,1,n
irritating,1,n
irs,1,n
islands,1,n
isobel,1,n
italics,1,n
itch,1,n
items,1,n
ivory,1,n
jacket,1,n
jackonet,1,n
jacksons,1,n
jade's,1,n
jar,1,n
jeffereys,1,n
jefferies,1,n
jenkinson's,1,n
jesting,1,n
jestingly,1,n
jewel,1,n
jewellers,1,n
jig,1,n
jilt,1,n
jilted,1,n
jilting,1,n
joan,1,n
jockey,1,n
joins,1,n
jointed,1,n
joked,1,n
jolt,1,n
jones's,1,n
jot,1,n
journaling,1,n
journey's,1,n
joyfulness,1,n
joyously,1,n
julias,1,n
julius,1,n
jumble,1,n
jumps,1,n
juncture,1,n
juniors,1,n
jupiter,1,n
justest,1,n
justifies,1,n
keenness,1,n
kenilworth,1,n
kettle,1,n
keynsham,1,n
kickabout's,1,n
killing,1,n
kin,1,n
kindheartedness,1,n
kindle,1,n
kindnesses,1,n
kingham,1,n
kite,1,n
knapsack,1,n
knee,1,n
knights,1,n
knolls,1,n
knot,1,n
knowingly,1,n
kympton,1,n
l105,1,n
l150,1,n
la_,1,n
labor,1,n
laborious,1,n
laboriously,1,n
lacing,1,n
laconic,1,n
ladylike,1,n
laity,1,n
lamb,1,n
lameness,1,n
lancastrian,1,n
lancastrians,1,n
landaulette,1,n
langham,1,n
languidly,1,n
languish,1,n
languished,1,n
languishing,1,n
lank,1,n
lantern,1,n
lapse,1,n
larch,1,n
larder,1,n
larkins's,1,n
lascelle's,1,n
lashed,1,n
lassitude,1,n
latch,1,n
latitude,1,n
latter's,1,n
laud,1,n
launched,1,n
laundress,1,n
laura's,1,n
lavish,1,n
lawfull,1,n
lawlessness,1,n
laziness,1,n
leader,1,n
leafless,1,n
league,1,n
leagued,1,n
lean,1,n
leaped,1,n
leather,1,n
lectured,1,n
lecturer,1,n
lectures,1,n
ledge,1,n
leet,1,n
lefroy,1,n
legacied,1,n
legacies,1,n
legends,1,n
legible,1,n
legislature,1,n
leicester,1,n
leicestershire,1,n
lengthening,1,n
leniently,1,n
lenity,1,n
lett,1,n
lief,1,n
lieut,1,n
lieutenants,1,n
lieve,1,n
life's,1,n
lighten,1,n
likeable,1,n
likening,1,n
limb,1,n
limes,1,n
limitations,1,n
limiting,1,n
limpid,1,n
lindsay,1,n
lingered,1,n
linguist,1,n
listener's,1,n
littlenesses,1,n
liturgy,1,n
liveable,1,n
livelihood,1,n
liveried,1,n
living's,1,n
loading,1,n
loathings,1,n
locations,1,n
locks,1,n
lodgers,1,n
loins,1,n
loiter,1,n
lolling,1,n
lombardy,1,n
london's,1,n
loneliness,1,n
longings,1,n
longs,1,n
longtown,1,n
lookings,1,n
lookout,1,n
lordship,1,n
losers,1,n
loth,1,n
louisas,1,n
louise,1,n
lounge,1,n
lounger,1,n
loyalty,1,n
lubberly,1,n
lucidly,1,n
luncheon,1,n
lustily,1,n
lute,1,n
luvis,1,n
lyster,1,n
m'cartneys,1,n
m'donalds,1,n
m'kays,1,n
m'kenzies,1,n
m'kinnons,1,n
m'lellans,1,n
m'leods,1,n
m'phersons,1,n
m.p,1,n
mab,1,n
macartney,1,n
macbeths,1,n
macdonald's,1,n
macduffs,1,n
machinations,1,n
machine,1,n
machines,1,n
mackenzie,1,n
maclean,1,n
maddoxes,1,n
madly,1,n
magdalen,1,n
magestic,1,n
magistrates,1,n
magnificence,1,n
maiden,1,n
mails,1,n
mainmast,1,n
majestically,1,n
maker,1,n
maker's,1,n
malbrook,1,n
malignant,1,n
malt,1,n
mama's,1,n
mammas,1,n
manchester,1,n
mania,1,n
manifold,1,n
manliness,1,n
manoeuvred,1,n
manorial,1,n
manteau,1,n
mantel,1,n
map,1,n
maps,1,n
mar,1,n
marauding,1,n
marina,1,n
marines,1,n
mark's,1,n
markedly,1,n
marketplace,1,n
marmalade,1,n
marmion,1,n
marquis,1,n
marshal,1,n
marshall,1,n
martha,1,n
martyr,1,n
martyrs,1,n
marys,1,n
masterly,1,n
masterpiece,1,n
mat,1,n
matchmaking,1,n
mathematician,1,n
matting,1,n
maturity,1,n
maximum,1,n
maxwell,1,n
mayoralty,1,n
mayst,1,n
meagreness,1,n
meandered,1,n
meanest,1,n
measurements,1,n
mechlin,1,n
medals,1,n
medicinal,1,n
meekly,1,n
meetly,1,n
melodies,1,n
melted,1,n
memorandum,1,n
memorial,1,n
mercantile,1,n
mercenery,1,n
merchandise,1,n
merchantability,1,n
merciless,1,n
merged,1,n
meritorious,1,n
mermaids,1,n
merrier,1,n
messrs,1,n
metal,1,n
metamorphosis,1,n
metaphor,1,n
metcalf's,1,n
methodically,1,n
methodists,1,n
michael,1,n
mickleham,1,n
midland,1,n
mien,1,n
mightily,1,n
milder,1,n
mildest,1,n
milestone,1,n
milestones,1,n
militate,1,n
militated,1,n
milk,1,n
milkiness,1,n
milkmen,1,n
miller's,1,n
milliner,1,n
milliner's,1,n
millinery,1,n
milmans,1,n
milton,1,n
mimic,1,n
mince,1,n
minced,1,n
mindedness,1,n
minding,1,n
minehead,1,n
mingle,1,n
mingling,1,n
minister,1,n
minuet,1,n
mirrors,1,n
misapplied,1,n
misapply,1,n
misbehave,1,n
mischeif,1,n
mischief's,1,n
mischievously,1,n
mischievousness,1,n
misconceived,1,n
misconceptions,1,n
misconstructions,1,n
misconstrued,1,n
miscreant,1,n
misgave,1,n
misgive,1,n
misinterpreting,1,n
misleading,1,n
missionary,1,n
mississippi,1,n
misspent,1,n
mistaking,1,n
mistook,1,n
misty,1,n
misuse,1,n
misused,1,n
mitchell,1,n
mitchell's,1,n
mizzling,1,n
moan,1,n
moans,1,n
mobs,1,n
mockery,1,n
moderated,1,n
modernised,1,n
modification,1,n
modified,1,n
modify,1,n
modulation,1,n
mohrs,1,n
moiety,1,n
molland's,1,n
monasteries,1,n
monastic,1,n
monied,1,n
monk,1,n
monkey,1,n
monopolize,1,n
monosyllable,1,n
monotonous,1,n
monotony,1,n
monster,1,n
montclair,1,n
monthly,1,n
montoni,1,n
moorings,1,n
moralised,1,n
moralising,1,n
moralist,1,n
moralize,1,n
morally,1,n
morley,1,n
morris,1,n
mortgage,1,n
mosquitoes,1,n
moss,1,n
mot,1,n
motes,1,n
motherbank,1,n
mouldering,1,n
moulding,1,n
mound,1,n
mountain,1,n
mounteagle,1,n
mounts,1,n
mourn,1,n
mourned,1,n
mourner,1,n
mourners,1,n
mournful,1,n
mournfull,1,n
mournfully,1,n
mouse,1,n
ms,1,n
much_,1,n
mule,1,n
mules,1,n
mull,1,n
multiply,1,n
mum,1,n
murderer,1,n
murderess,1,n
murmured,1,n
murmurings,1,n
murray,1,n
mustard,1,n
mustered,1,n
muttered,1,n
mutterings,1,n
myrtle,1,n
mysteriousness,1,n
mythology,1,n
n.b,1,n
nabobs,1,n
nailed,1,n
nanny's,1,n
nap,1,n
napkins,1,n
narrowest,1,n
narrowness,1,n
national,1,n
naturedly,1,n
navigator,1,n
necessitated,1,n
necked,1,n
necks,1,n
necromancer,1,n
nectarines,1,n
needlefuls,1,n
needles,1,n
negatived,1,n
negatives,1,n
negus,1,n
neices,1,n
neighbourhoods,1,n
neptune,1,n
nerve,1,n
nervously,1,n
nest,1,n
nestled,1,n
nests,1,n
nettled,1,n
network,1,n
neville,1,n
newbury,1,n
newfoundland,1,n
newmarket,1,n
newsletter,1,n
newspapermen,1,n
newton,1,n
niceness,1,n
nightcap,1,n
nightly,1,n
nimbly,1,n
ninny,1,n
nipped,1,n
nj,1,n
noblemen,1,n
nobler,1,n
noisier,1,n
nonproprietary,1,n
nonsenses,1,n
norfolk's,1,n
northumberland,1,n
northwards,1,n
nosegay,1,n
noses,1,n
notch,1,n
notched,1,n
notices,1,n
notification,1,n
notifies,1,n
notoriety,1,n
notorious,1,n
notwithstanding,1,n
nourish,1,n
nourishes,1,n
nourishing,1,n
nov,1,n
novelist,1,n
novitiate,1,n
nuisances,1,n
nun,1,n
nuncheon,1,n
nurseries,1,n
nurses,1,n
nurture,1,n
nuts,1,n
nymph,1,n
nymphs,1,n
oakham,1,n
oaths,1,n
obeisance,1,n
obligated,1,n
obliterate,1,n
oblong,1,n
obscure,1,n
obsequious,1,n
obsequiousness,1,n
observers,1,n
observes,1,n
obstructed,1,n
obtrude,1,n
obtruding,1,n
obtrusive,1,n
obviated,1,n
obviating,1,n
occasion's,1,n
occupies,1,n
ocean,1,n
oddity,1,n
odds,1,n
ofa,1,n
officer's,1,n
officiating,1,n
officiously,1,n
officiousness,1,n
oft,1,n
oftentimes,1,n
oiled,1,n
oliver,1,n
olivers,1,n
olives,1,n
omissions,1,n
omits,1,n
operating,1,n
opportune,1,n
opposer,1,n
oppressively,1,n
opprobious,1,n
option,1,n
oracle,1,n
oral,1,n
orange,1,n
orchards,1,n
ordinarily,1,n
organ,1,n
organized,1,n
oriel,1,n
originality,1,n
originals,1,n
originate,1,n
originator,1,n
ormond,1,n
ornamental,1,n
orthography,1,n
ostentatiously,1,n
ostler's,1,n
othello,1,n
otways,1,n
out_,1,n
outcry,1,n
outdated,1,n
outdo,1,n
outlandish,1,n
outrage,1,n
outraged,1,n
outree,1,n
outriders,1,n
outright,1,n
outset,1,n
outstayed,1,n
outstepped,1,n
outstretched,1,n
outstrip,1,n
outweighed,1,n
outweighs,1,n
oval,1,n
overacting,1,n
overboard,1,n
overborne,1,n
overcareful,1,n
overdrawn,1,n
overflows,1,n
overhearings,1,n
overlooking,1,n
overlooks,1,n
overnight,1,n
overpaid,1,n
overrating,1,n
overseers,1,n
overthrew,1,n
overthrowing,1,n
overturn,1,n
overturning,1,n
overwhelmed,1,n
ox,1,n
oysters,1,n
pacified,1,n
package,1,n
packages,1,n
packs,1,n
padlock,1,n
painfull,1,n
paining,1,n
painter's,1,n
painters,1,n
paintings,1,n
palace,1,n
palanquins,1,n
paler,1,n
palings,1,n
palliate,1,n
pallid,1,n
palm,1,n
palpable,1,n
palpitating,1,n
palpitations,1,n
pan,1,n
pane,1,n
panel,1,n
panels,1,n
panes,1,n
pangloss,1,n
pantries,1,n
papered,1,n
paperwork,1,n
paraded,1,n
paradings,1,n
paradox,1,n
parasols,1,n
paris,1,n
parker,1,n
parliaments,1,n
parlors,1,n
parmaceti,1,n
parody,1,n
parry,1,n
parsnip,1,n
parsonages,1,n
participate,1,n
particularise,1,n
particularize,1,n
partner's,1,n
partook,1,n
partridges,1,n
party's,1,n
passant,1,n
passer,1,n
passionate,1,n
passport,1,n
passports,1,n
pasturage,1,n
pasture,1,n
pastures,1,n
patch,1,n
patches,1,n
patents,1,n
pathos,1,n
paths,1,n
patriotism,1,n
patronize,1,n
patronized,1,n
pattened,1,n
pattens,1,n
paul's,1,n
paved,1,n
pavements,1,n
pawn,1,n
peaches,1,n
peak,1,n
peals,1,n
pear,1,n
pedal,1,n
pedantic,1,n
peep,1,n
peerage,1,n
peevishness,1,n
pembroke,1,n
pembrokeshire,1,n
penalty,1,n
pence,1,n
pencilled,1,n
pennyworth,1,n
pensiveness,1,n
pent,1,n
perceivable,1,n
perceptions,1,n
perchance,1,n
percy,1,n
perfected,1,n
perfecting,1,n
perfidious,1,n
perfidy,1,n
performer's,1,n
performs,1,n
perfume,1,n
periodic,1,n
perjured,1,n
permanency,1,n
pernicious,1,n
perpetrators,1,n
perpetuated,1,n
perplexing,1,n
perseveringly,1,n
persists,1,n
person_,1,n
persona_,1,n
personableness,1,n
personae,1,n
perspective,1,n
perspectives,1,n
perspiration,1,n
persuadableness,1,n
persuasive,1,n
persuasively,1,n
perth,1,n
perticular,1,n
pertinacity,1,n
perturbed,1,n
perused,1,n
pervading,1,n
perversely,1,n
pervert,1,n
perverted,1,n
pest,1,n
pestilences,1,n
pet,1,n
petrified,1,n
petted,1,n
petticoats,1,n
pews,1,n
pg,1,n
pglaf,1,n
pheasant,1,n
philippic,1,n
philippics,1,n
philips,1,n
phillip's,1,n
philosophers,1,n
phrases,1,n
picnic,1,n
pidgeon,1,n
pierce,1,n
pierced,1,n
piercing,1,n
piety,1,n
pigs,1,n
pike,1,n
pilfering,1,n
piling,1,n
pill,1,n
pillars,1,n
pills,1,n
pimples,1,n
pinching,1,n
pinery,1,n
pining,1,n
pinny,1,n
pins,1,n
pint,1,n
pioneer,1,n
pipe,1,n
pistolletta,1,n
pit,1,n
pitcher,1,n
pitifullest,1,n
pitiless,1,n
pittance,1,n
pity's,1,n
placidity,1,n
plainest,1,n
plaintively,1,n
plait,1,n
planets,1,n
plant,1,n
plaster,1,n
plates,1,n
platonic,1,n
plausibility,1,n
playfellow,1,n
playfellows,1,n
playthings,1,n
plaza,1,n
pliancy,1,n
plied,1,n
plight,1,n
plods,1,n
plot,1,n
plotting,1,n
ploughs,1,n
plums,1,n
plunged,1,n
plunging,1,n
poachers,1,n
pocketbook,1,n
poco,1,n
poets,1,n
pointedness,1,n
pointers,1,n
poisoned,1,n
poisonous,1,n
polish,1,n
politest,1,n
political,1,n
politician,1,n
politicians,1,n
pollards,1,n
polluted,1,n
pollution,1,n
polydore,1,n
pomfret,1,n
poney,1,n
pooles,1,n
pope's,1,n
popes,1,n
poplars,1,n
poplin,1,n
popt,1,n
population,1,n
porch,1,n
porker,1,n
porridge,1,n
porters,1,n
portfolio,1,n
portioning,1,n
portray,1,n
portrayed,1,n
positions,1,n
posterity,1,n
posting,1,n
postman's,1,n
postmark,1,n
postpone,1,n
postponed,1,n
potatoes,1,n
potions,1,n
poultice,1,n
powdering,1,n
pox,1,n
practicability,1,n
practical,1,n
practically,1,n
practiced,1,n
praiseworthy,1,n
preached,1,n
preaches,1,n
prearranged,1,n
preassured,1,n
precarious,1,n
precedent,1,n
precedes,1,n
preceeding,1,n
precepts,1,n
precincts,1,n
preciseness,1,n
precluded,1,n
precludes,1,n
precluding,1,n
preconceived,1,n
preconcerted,1,n
predecessors,1,n
predestined,1,n
predetermination,1,n
predetermined,1,n
predicted,1,n
prediction,1,n
predisposed,1,n
predominance,1,n
predominate,1,n
preeminent,1,n
prefaced,1,n
preferences,1,n
premeditation,1,n
premise,1,n
prenticed,1,n
preoccupied,1,n
preponderated,1,n
prescience,1,n
prescott,1,n
prescriptions,1,n
presides,1,n
presto,1,n
presumptuous,1,n
pretends,1,n
pretense,1,n
pretext,1,n
prettyish,1,n
prevention,1,n
preyed,1,n
priced,1,n
priest,1,n
princes,1,n
principality,1,n
principled,1,n
printer's,1,n
printers,1,n
prints,1,n
printshop,1,n
printshops,1,n
priority,1,n
priory,1,n
prisoner,1,n
privateer,1,n
privateers,1,n
prizes,1,n
prizing,1,n
probity,1,n
processing,1,n
procession,1,n
proclaiming,1,n
proclaims,1,n
procrastinating,1,n
prodigies,1,n
professionally,1,n
professor,1,n
profiles,1,n
profited,1,n
profligate,1,n
profound,1,n
profuse,1,n
prognostications,1,n
progressively,1,n
projection,1,n
prologue,1,n
prolongation,1,n
promontories,1,n
prompting,1,n
promptly,1,n
pronouns,1,n
proofread,1,n
prophesied,1,n
prophesy,1,n
prophetically,1,n
proportionately,1,n
propria,1,n
proprietary,1,n
proprietors,1,n
prosecution,1,n
prosings,1,n
prosper,1,n
protege,1,n
protestant,1,n
protests,1,n
proverbial,1,n
proverbs,1,n
provident,1,n
proviso,1,n
provokes,1,n
prudential,1,n
prudently,1,n
prudish,1,n
pry,1,n
publishes,1,n
publishing,1,n
puce,1,n
pudding,1,n
puddings,1,n
puddle,1,n
puddles,1,n
puff,1,n
puffed,1,n
pullets,1,n
pulmonary,1,n
pulses,1,n
pulvis,1,n
punch,1,n
puncture,1,n
punitive,1,n
puny,1,n
purer,1,n
purest,1,n
purification,1,n
purloined,1,n
purposed,1,n
purvey,1,n
putter,1,n
pym,1,n
pynes,1,n
pyramids,1,n
qualify,1,n
qualifying,1,n
quantities,1,n
quarreled,1,n
quarterly,1,n
quarto,1,n
queensberry's,1,n
queernesses,1,n
quell,1,n
querulous,1,n
query,1,n
questioner,1,n
questioning,1,n
quicksighted,1,n
quiescent,1,n
quivered,1,n
quizzers,1,n
quizzes,1,n
quizzing,1,n
quota,1,n
quotation,1,n
racing,1,n
rack,1,n
racked,1,n
racking,1,n
racks,1,n
raged,1,n
ragout,1,n
rail,1,n
rainy,1,n
raleigh,1,n
rally,1,n
rallying,1,n
rambled,1,n
rambler,1,n
randall's,1,n
ranging,1,n
rapacious,1,n
rapacity,1,n
rapping,1,n
rapt,1,n
rarity,1,n
rascally,1,n
rashly,1,n
rashness,1,n
rates,1,n
ratifying,1,n
rattled,1,n
ravenshaw's,1,n
ravenshaws,1,n
raw,1,n
ray,1,n
readier,1,n
readings,1,n
realities,1,n
realization,1,n
realized,1,n
realm,1,n
reanimate,1,n
reanimated,1,n
reanimation,1,n
reaped,1,n
reappear,1,n
rear,1,n
reared,1,n
rearing,1,n
reassure,1,n
rebel,1,n
rebellious,1,n
rebuke,1,n
recantation,1,n
recanting,1,n
recapitulation,1,n
recasting,1,n
recede,1,n
receipts,1,n
recess,1,n
recipe,1,n
recitals,1,n
recited,1,n
reciter,1,n
reciting,1,n
reckoner,1,n
reckonings,1,n
reckons,1,n
reclaimed,1,n
reclining,1,n
recognise,1,n
recognising,1,n
recognizing,1,n
recommencing,1,n
recommendatory,1,n
recomposed,1,n
reconsider,1,n
recordable,1,n
recount,1,n
recoverable,1,n
recreating,1,n
recurrences,1,n
redden,1,n
reddened,1,n
redder,1,n
redistribute,1,n
redress,1,n
redundancies,1,n
reentered,1,n
refusals,1,n
refuted,1,n
regal,1,n
regale,1,n
regaled,1,n
regaling,1,n
regardful,1,n
region,1,n
regulators,1,n
rehearsers,1,n
rein,1,n
reined,1,n
rekindling,1,n
relapsed,1,n
relapsing,1,n
relator,1,n
relators,1,n
relax,1,n
relaxation,1,n
relaxed,1,n
releiving,1,n
relent,1,n
relented,1,n
relic,1,n
relics,1,n
relieves,1,n
relinquish,1,n
relinquishment,1,n
remarked,1,n
remedied,1,n
remembers,1,n
remembrancer,1,n
remodelled,1,n
remoteness,1,n
renamed,1,n
rendez,1,n
rendezvous,1,n
rending,1,n
repack,1,n
reparation,1,n
repartees,1,n
repassing,1,n
repayment,1,n
repel,1,n
repelled,1,n
repellent,1,n
repenting,1,n
repined,1,n
repinings,1,n
replaced,1,n
reporting,1,n
reposed,1,n
reposes,1,n
reposing,1,n
repossessed,1,n
reprehension,1,n
represents,1,n
reprieve,1,n
reprimanding,1,n
reproachfully,1,n
reprobates,1,n
reprove,1,n
reproving,1,n
repugnant,1,n
repulses,1,n
repulsively,1,n
reputable,1,n
repute,1,n
requester,1,n
requisites,1,n
requisitions,1,n
rescued,1,n
researches,1,n
reseeing,1,n
resemblances,1,n
resentments,1,n
reservation,1,n
reservations,1,n
reservedness,1,n
residents,1,n
resides,1,n
residue,1,n
resistless,1,n
resists,1,n
resolves,1,n
resort,1,n
resounded,1,n
resounding,1,n
responses,1,n
responsibility,1,n
restlessly,1,n
restricted,1,n
restriction,1,n
resuscitation,1,n
retail,1,n
retailed,1,n
retailing,1,n
retains,1,n
retaliate,1,n
retarded,1,n
retarding,1,n
reticule,1,n
retook,1,n
retraced,1,n
retraction,1,n
retrenched,1,n
retrenching,1,n
retrenchment,1,n
retrenchments,1,n
retribution,1,n
retrospection,1,n
retrospective,1,n
reunion,1,n
reurging,1,n
reveal,1,n
revealment,1,n
reveals,1,n
revel,1,n
revelled,1,n
revengeful,1,n
revenging,1,n
revered,1,n
reverential,1,n
reversed,1,n
reverses,1,n
reversing,1,n
revert,1,n
reviewer,1,n
reviewers,1,n
revision,1,n
rhapsodising,1,n
rheumatisms,1,n
rhime,1,n
rhine,1,n
rhodomontade,1,n
rhubarb,1,n
rhyming,1,n
ribband,1,n
rice,1,n
richest,1,n
richness,1,n
rickety,1,n
ridiculed,1,n
ridiculously,1,n
rightful,1,n
rigid,1,n
rigmerole,1,n
rigours,1,n
ripening,1,n
risked,1,n
rites,1,n
rivalry,1,n
rivetts,1,n
rivulets,1,n
roadside,1,n
roaring,1,n
roasting,1,n
robbers,1,n
robertson,1,n
rocky,1,n
roger,1,n
rolls,1,n
romancers,1,n
romancing,1,n
roofs,1,n
room's,1,n
root,1,n
rope,1,n
rope's,1,n
ross,1,n
rosy,1,n
rote,1,n
rouged,1,n
rouges,1,n
roundabout,1,n
roundly,1,n
rouses,1,n
routine,1,n
rowed,1,n
rowling,1,n
royal,1,n
rubbers,1,n
rubbish,1,n
rubs,1,n
rudely,1,n
ruder,1,n
rudiments,1,n
rued,1,n
ruffle,1,n
ruffled,1,n
rug,1,n
ruinous,1,n
ruled,1,n
ruling,1,n
rum,1,n
rumble,1,n
rumford,1,n
rumination,1,n
rumours,1,n
russia,1,n
rusticities,1,n
rusticity,1,n
rut,1,n
sack,1,n
sacks,1,n
saddle,1,n
saddler's,1,n
saffron,1,n
sagaciously,1,n
sages,1,n
sails,1,n
salad,1,n
saleable,1,n
sallied,1,n
sallies,1,n
salmon,1,n
salt,1,n
salting,1,n
salutary,1,n
saluting,1,n
sampler,1,n
sandcroft,1,n
sandersons,1,n
sandwich,1,n
sandwiches,1,n
sanguinely,1,n
sarah's,1,n
sarcastically,1,n
sarsenet,1,n
sated,1,n
satire,1,n
saturday's,1,n
saucer,1,n
saucers,1,n
saunders,1,n
savage,1,n
savings,1,n
savours,1,n
scaffold,1,n
scalloped,1,n
scampered,1,n
scampering,1,n
scandalously,1,n
scandals,1,n
scantily,1,n
scarborough,1,n
scare,1,n
scarecrows,1,n
scatter,1,n
scepticism,1,n
scheherazade's,1,n
schemed,1,n
schoolboy's,1,n
schoolboys,1,n
schoolfellows,1,n
schoolmaster,1,n
science,1,n
sciences,1,n
scientific,1,n
scope,1,n
scornful,1,n
scorning,1,n
scorns,1,n
scotland's,1,n
scots,1,n
scottish,1,n
scouted,1,n
scrambled,1,n
scrap,1,n
scrapes,1,n
scratch,1,n
scratched,1,n
scrawl,1,n
scrawls,1,n
scream,1,n
scrubby,1,n
scrupling,1,n
scrupulously,1,n
scrupulousness,1,n
scrutinies,1,n
scrutiny,1,n
scud,1,n
scull,1,n
scullery,1,n
se'ennight,1,n
se'night,1,n
seamanship,1,n
seams,1,n
seaside,1,n
season'd,1,n
seasoning,1,n
seaton's,1,n
secession,1,n
second's,1,n
seconding,1,n
secreted,1,n
sections,1,n
securities,1,n
seducer,1,n
selfishly,1,n
selina's,1,n
sellers,1,n
semi,1,n
semicircular,1,n
seminaries,1,n
seminary,1,n
senior,1,n
sensitive,1,n
sentinel,1,n
separates,1,n
sequestration,1,n
serene,1,n
serpentine,1,n
servile,1,n
servilely,1,n
servility,1,n
servt,1,n
sessions,1,n
severally,1,n
severed,1,n
severus,1,n
sewell's,1,n
sexes,1,n
shabbiness,1,n
shackles,1,n
shadows,1,n
shafts,1,n
shakes,1,n
shallow,1,n
shamefaced,1,n
shaping,1,n
sharer,1,n
sharks,1,n
sharpe,1,n
sharpen,1,n
sharply,1,n
shaving,1,n
shawls,1,n
sheath,1,n
sheds,1,n
sheepskin,1,n
sheer,1,n
sheridan's,1,n
sheriff,1,n
sheweth,1,n
shifts,1,n
shines,1,n
shins,1,n
shipped,1,n
shipwreck,1,n
shipwrecked,1,n
shirked,1,n
shirts,1,n
shod,1,n
shortened,1,n
showers,1,n
shrank,1,n
shreiked,1,n
shrewdness,1,n
shrewish,1,n
shrub,1,n
shrug,1,n
shrugging,1,n
shudder,1,n
shuddering,1,n
shuffling,1,n
shylock,1,n
sicily,1,n
sickening,1,n
sickens,1,n
sickroom,1,n
sidegate,1,n
siding,1,n
sidmouth,1,n
sighings,1,n
signet,1,n
significance,1,n
significancy,1,n
signifies,1,n
silliest,1,n
silversmith,1,n
similes,1,n
simper,1,n
simpers,1,n
simpson,1,n
sincerest,1,n
singers,1,n
singleness,1,n
singling,1,n
singularity,1,n
sinner,1,n
sipped,1,n
sire,1,n
sitters,1,n
sixpences,1,n
sketched,1,n
skies,1,n
skins,1,n
skipping,1,n
skirting,1,n
skulker,1,n
slabs,1,n
slacken,1,n
slam,1,n
slammed,1,n
slander,1,n
slanderous,1,n
slang,1,n
slap,1,n
slattern,1,n
slatternly,1,n
slavery,1,n
slaves,1,n
slaving,1,n
sleek,1,n
sleeper,1,n
sleeplessness,1,n
sleeps,1,n
sleety,1,n
slender,1,n
slices,1,n
sliding,1,n
slighter,1,n
slip,1,n
slippers,1,n
slippery,1,n
slipping,1,n
slit,1,n
sloane,1,n
slowness,1,n
sluggish,1,n
slumbering,1,n
slumbers,1,n
smacked,1,n
smartened,1,n
smarting,1,n
smartness,1,n
smirk,1,n
smirks,1,n
smitten,1,n
smoking,1,n
smother,1,n
smythe,1,n
snatch,1,n
snatched,1,n
snatching,1,n
sneaked,1,n
sneered,1,n
sneers,1,n
sneyds,1,n
snipe,1,n
snored,1,n
snores,1,n
snows,1,n
snugly,1,n
sob,1,n
sobbed,1,n
sobbing,1,n
sobered,1,n
soberer,1,n
soberness,1,n
societies,1,n
socket,1,n
softener,1,n
softest,1,n
solaced,1,n
solicitously,1,n
solidly,1,n
soliloquies,1,n
solitarily,1,n
solomon,1,n
sophys,1,n
sordid,1,n
sounding,1,n
soured,1,n
sourness,1,n
southward,1,n
spaciousness,1,n
spanish,1,n
sparingly,1,n
sparkle,1,n
sparrows,1,n
spasm,1,n
spasms,1,n
speakingly,1,n
specious,1,n
spectacle,1,n
speculative,1,n
sped,1,n
speediest,1,n
spelt,1,n
spencer,1,n
spendthrift,1,n
spheres,1,n
spicers,1,n
spies,1,n
spikes,1,n
spine,1,n
spinet,1,n
spinnet,1,n
spinster,1,n
spiteful,1,n
splashed,1,n
splashing,1,n
splendidly,1,n
splendor,1,n
splitters,1,n
spoiling,1,n
spoils,1,n
spokesman,1,n
sponges,1,n
sponsors,1,n
spoon,1,n
spouting,1,n
spraining,1,n
sprawling,1,n
sprightliness,1,n
sprinkled,1,n
spurn,1,n
spy,1,n
squabble,1,n
squabbles,1,n
squabbling,1,n
squadron,1,n
squareness,1,n
squares,1,n
squeamish,1,n
squeezed,1,n
squire's,1,n
stabbed,1,n
staff,1,n
stages,1,n
stagger,1,n
staggering,1,n
staines,1,n
stale,1,n
stall,1,n
stammered,1,n
stammering,1,n
stampt,1,n
standards,1,n
stander,1,n
standers,1,n
stanley's,1,n
stanly's,1,n
stanwix,1,n
stanza,1,n
stanzas,1,n
starched,1,n
starling,1,n
starve,1,n
stateliness,1,n
state’s,1,n
stationer's,1,n
stationing,1,n
stations,1,n
staunch,1,n
staves,1,n
staymaker,1,n
stead,1,n
steadfastness,1,n
steak,1,n
steaks,1,n
steal,1,n
stealth,1,n
stedfast,1,n
steele's,1,n
steepest,1,n
steepish,1,n
stem,1,n
stephen,1,n
stern,1,n
sterne,1,n
stevenson,1,n
steward's,1,n
stewed,1,n
stewing,1,n
sticks,1,n
stiff,1,n
stifling,1,n
stigma,1,n
stillness,1,n
stilton,1,n
stimulant,1,n
stimulate,1,n
stimulated,1,n
stings,1,n
stingy,1,n
stipulated,1,n
stirrups,1,n
stirs,1,n
stomacher,1,n
stones,1,n
stooped,1,n
stops,1,n
stored,1,n
storehouse,1,n
storeroom,1,n
storing,1,n
storming,1,n
stoutest,1,n
stove,1,n
stoves,1,n
strained,1,n
stratagems,1,n
straw,1,n
straying,1,n
streamed,1,n
streephon,1,n
streightens,1,n
streights,1,n
strengthener,1,n
stricken,1,n
stricter,1,n
strictures,1,n
strings,1,n
strip,1,n
stripling,1,n
strokes,1,n
stuart,1,n
stuarts,1,n
stubbornness,1,n
stucco,1,n
studier,1,n
stuffed,1,n
stuffy,1,n
stupefaction,1,n
stupider,1,n
stupified,1,n
stupor,1,n
styled,1,n
styles,1,n
stylish,1,n
stylishness,1,n
suavity,1,n
subject's,1,n
subjoin,1,n
sublime,1,n
submissively,1,n
subordination,1,n
subscriber,1,n
subservient,1,n
substitution,1,n
subterraneous,1,n
subtleties,1,n
succeeds,1,n
successless,1,n
successor,1,n
succour,1,n
sucking,1,n
suffciently,1,n
sufferable,1,n
sufferance,1,n
sugar,1,n
suggests,1,n
suites,1,n
suiting,1,n
suitor,1,n
sulkiness,1,n
sullenly,1,n
sullenness,1,n
sully,1,n
sullying,1,n
sultaness,1,n
summaries,1,n
summarily,1,n
summary,1,n
summers's,1,n
sunny,1,n
super,1,n
superannuated,1,n
supercilious,1,n
superfine,1,n
superfluous,1,n
superintended,1,n
superintendence,1,n
superintends,1,n
superiorities,1,n
superlatively,1,n
supernatural,1,n
supine,1,n
supineness,1,n
supped,1,n
supplement,1,n
supplementary,1,n
supplicated,1,n
supplies,1,n
supportable,1,n
supposititious,1,n
suppressing,1,n
supreme,1,n
surer,1,n
surface,1,n
surfaces,1,n
surgeon's,1,n
surmising,1,n
surmount,1,n
surname,1,n
surplice,1,n
surprizing,1,n
surround,1,n
survival,1,n
survivor,1,n
susceptibilities,1,n
susceptibility,1,n
suspence,1,n
sustain,1,n
swain,1,n
swamp,1,n
swarming,1,n
sway,1,n
swearing,1,n
swears,1,n
sweat,1,n
sweeps,1,n
sweetmeats,1,n
swift,1,n
swiftness,1,n
swimming,1,n
swinging,1,n
switch,1,n
switzerland,1,n
swollen,1,n
swooning,1,n
swoons,1,n
sworn,1,n
symbol,1,n
sympathised,1,n
sympathiser,1,n
sympathized,1,n
synonymously,1,n
t'is,1,n
tablecloth,1,n
tablets,1,n
taciturn,1,n
tack,1,n
tackle,1,n
tainted,1,n
talbot,1,n
talkativeness,1,n
tambour,1,n
tamboured,1,n
tameness,1,n
tan,1,n
tanned,1,n
tapping,1,n
tardiness,1,n
tardy,1,n
tarnished,1,n
tasteful,1,n
tattered,1,n
tattersall's,1,n
tattle,1,n
tauntingly,1,n
tautology,1,n
taverns,1,n
tawny,1,n
taylors,1,n
teachableness,1,n
tearing,1,n
tediously,1,n
temperament,1,n
tempests,1,n
templars,1,n
temporally,1,n
temporizing,1,n
temptingly,1,n
tenantry,1,n
tendered,1,n
tenderer,1,n
tenderhearted,1,n
tenements,1,n
tenfold,1,n
tenour,1,n
tent,1,n
terseness,1,n
testifies,1,n
testimonies,1,n
texel,1,n
texture,1,n
thames,1,n
thanker,1,n
thankless,1,n
thaw,1,n
theatres,1,n
theft,1,n
theodore,1,n
theoretical,1,n
theoretically,1,n
theory,1,n
thereon,1,n
therfore,1,n
thickest,1,n
thickly,1,n
thing's,1,n
thinness,1,n
thinning,1,n
thirded,1,n
thirds,1,n
thistles,1,n
thompson,1,n
thomson's,1,n
thoroughfare,1,n
thrashing,1,n
threading,1,n
threatenings,1,n
thrilling,1,n
thrives,1,n
thriving,1,n
throng,1,n
throws,1,n
thumping,1,n
thunder,1,n
thunderbolt,1,n
tight,1,n
tightened,1,n
tiled,1,n
timbers,1,n
tinge,1,n
tinged,1,n
tinkling,1,n
tintern,1,n
tip,1,n
tirocinium,1,n
titles,1,n
tittle,1,n
tittuppy,1,n
toad,1,n
tobacco,1,n
toilet,1,n
toilets,1,n
toilett,1,n
toilettes,1,n
toiling,1,n
toilsome,1,n
tokens,1,n
tombstones,1,n
ton,1,n
tops,1,n
tore,1,n
torments,1,n
torrent,1,n
torturing,1,n
tosses,1,n
tottering,1,n
touchstone,1,n
towers,1,n
track,1,n
tract,1,n
traded,1,n
trades,1,n
tradespeople,1,n
traduced,1,n
trafalgar,1,n
traffic,1,n
tragedians,1,n
tragedies,1,n
training,1,n
trait,1,n
trampers,1,n
tranquilize,1,n
transact,1,n
transacted,1,n
transcribe,1,n
transcribing,1,n
transcription,1,n
transformation,1,n
transformed,1,n
transgression,1,n
transgressions,1,n
translate,1,n
transmitting,1,n
transparency,1,n
transpire,1,n
transpires,1,n
transporting,1,n
transposed,1,n
trap,1,n
traveling,1,n
traveller's,1,n
trays,1,n
treason,1,n
treasuring,1,n
treats,1,n
treaty,1,n
treble,1,n
trebling,1,n
trembles,1,n
tremblingly,1,n
tremors,1,n
tremulously,1,n
trent,1,n
trespassed,1,n
trespassing,1,n
tressels,1,n
trice,1,n
trickle,1,n
trident,1,n
trifler,1,n
trimmings,1,n
trinkets,1,n
trio,1,n
trip,1,n
tripped,1,n
tripping,1,n
triumphs,1,n
trollopy,1,n
trophies,1,n
trot,1,n
trotted,1,n
troubling,1,n
trout,1,n
trudge,1,n
trustiest,1,n
trusts,1,n
tudor,1,n
tumbler,1,n
tuned,1,n
tupman,1,n
tupmans,1,n
turban,1,n
turkey's,1,n
turkeys,1,n
turner's,1,n
turnings,1,n
turnip,1,n
turnips,1,n
turnpikes,1,n
tuscany,1,n
twelfth,1,n
twill,1,n
twinkling,1,n
twisting,1,n
two's,1,n
twould,1,n
tying,1,n
types,1,n
ulcerated,1,n
ult,1,n
ultimately,1,n
umpire,1,n
unabashed,1,n
unabsurd,1,n
unacceptable,1,n
unaccountableness,1,n
unadorned,1,n
unadvisable,1,n
unagreeable,1,n
unallied,1,n
unamiable,1,n
unamused,1,n
unanswerably,1,n
unappeasable,1,n
unapproachable,1,n
unappropriated,1,n
unattainable,1,n
unattempted,1,n
unaware,1,n
unbelieving,1,n
unbiassed,1,n
unbidden,1,n
unbleached,1,n
unblushing,1,n
unbound,1,n
uncandid,1,n
unceasingly,1,n
uncensured,1,n
unceremonious,1,n
unceremoniousness,1,n
unclosed,1,n
unclosing,1,n
unclouded,1,n
uncompanionable,1,n
uncongenial,1,n
unconsciousness,1,n
unconsidered,1,n
uncontrolled,1,n
uncoquettish,1,n
uncordial,1,n
uncouth,1,n
uncritical,1,n
undauntedly,1,n
undeceived,1,n
undeceiving,1,n
underdone,1,n
underhand,1,n
understrappers,1,n
undertones,1,n
undescribable,1,n
undeserved,1,n
undeservedly,1,n
undesirableness,1,n
undesired,1,n
undeviating,1,n
undirected,1,n
undiscerned,1,n
undiscovered,1,n
undismayed,1,n
undisputed,1,n
undistinguished,1,n
undoing,1,n
undoubtingly,1,n
undutiful,1,n
unenforceability,1,n
unengaged,1,n
unequally,1,n
unevenness,1,n
unexamined,1,n
unexceptionably,1,n
unexhilarating,1,n
unexpensively,1,n
unexplored,1,n
unexpressed,1,n
unfastened,1,n
unfastidious,1,n
unfatherly,1,n
unfathomable,1,n
unfeignedly,1,n
unfeudal,1,n
unfitness,1,n
unfledged,1,n
unfold,1,n
unforeseen,1,n
unforgivingness,1,n
unformed,1,n
unforseen,1,n
unfrequency,1,n
unfruitful,1,n
unfulfilled,1,n
ungallant,1,n
ungenial,1,n
ungentlemanlike,1,n
ungraceful,1,n
ungraciousness,1,n
ungratefull,1,n
unguardedly,1,n
unhandsome,1,n
unimpaired,1,n
unimpeded,1,n
uninhabited,1,n
unintelligibly,1,n
uninterruptedly,1,n
unintricate,1,n
uninvited,1,n
uninviting,1,n
unitedly,1,n
universe,1,n
unlink,1,n
unlock,1,n
unlover,1,n
unmajestic,1,n
unmarried,1,n
unmentioned,1,n
unmercifully,1,n
unmirthful,1,n
unmitigated,1,n
unmodernized,1,n
unmodulated,1,n
unobtrusiveness,1,n
unoccupied,1,n
unoffending,1,n
unostentatious,1,n
unparalelled,1,n
unpardoned,1,n
unpermitted,1,n
unperplexed,1,n
unpin,1,n
unpleasantest,1,n
unpolluted,1,n
unprecedented,1,n
unpretty,1,n
unprivileged,1,n
unproductive,1,n
unproductively,1,n
unprompted,1,n
unpropitious,1,n
unprosperous,1,n
unpunctuality,1,n
unpunished,1,n
unquestionable,1,n
unquietness,1,n
unravelled,1,n
unread,1,n
unreasonableness,1,n
unremitting,1,n
unrepulsable,1,n
unreservedly,1,n
unresisted,1,n
unsearched,1,n
unseasonable,1,n
unseasonably,1,n
unseldom,1,n
unselfish,1,n
unsentimental,1,n
unsettle,1,n
unsheltered,1,n
unsimpathetic,1,n
unsisterly,1,n
unsocial,1,n
unsoftened,1,n
unsolicitous,1,n
unsophisticated,1,n
unspent,1,n
unspoilt,1,n
unsuccessful,1,n
unsuitableness,1,n
unsullied,1,n
unsusceptible,1,n
unsuspiciousness,1,n
untameable,1,n
untamed,1,n
unthinking,1,n
unthinkingly,1,n
untidy,1,n
untied,1,n
untimely,1,n
untitled,1,n
untowardly,1,n
untried,1,n
unturned,1,n
unvisited,1,n
unwarily,1,n
unwearying,1,n
unworthiness,1,n
unyielding,1,n
upbraided,1,n
upbraiding,1,n
uphill,1,n
uplifted,1,n
uprightly,1,n
upstarts,1,n
upton,1,n
upwards,1,n
urbanity,1,n
urn,1,n
usa,1,n
usages,1,n
useable,1,n
ushured,1,n
usk,1,n
vacate,1,n
vagaries,1,n
vainer,1,n
valancourt,1,n
valet,1,n
valetudinarian,1,n
valid,1,n
valleys,1,n
valuables,1,n
varnished,1,n
vaults,1,n
vaux,1,n
vegetation,1,n
vehement,1,n
vehemently,1,n
vehicle,1,n
velocity,1,n
venerating,1,n
venice,1,n
vented,1,n
venting,1,n
venus,1,n
verb,1,n
verdicts,1,n
vexes,1,n
vexing,1,n
vext,1,n
victims,1,n
victorian,1,n
vide,1,n
vie,1,n
vigor,1,n
vilified,1,n
villages,1,n
villainous,1,n
villains,1,n
villainy,1,n
villanous,1,n
villas,1,n
villians,1,n
villiers,1,n
vindicate,1,n
vindicated,1,n
vine,1,n
vinegar,1,n
vingt,1,n
violates,1,n
violating,1,n
violoncello,1,n
virus,1,n
vision,1,n
visitings,1,n
vista,1,n
vitiated,1,n
vocal,1,n
vogue,1,n
vol,1,n
volatility,1,n
voluminous,1,n
voted,1,n
vouchers,1,n
vouches,1,n
vouchsafing,1,n
vous,1,n
vowel,1,n
vulgarisms,1,n
vulnerable,1,n
waded,1,n
waft,1,n
wafted,1,n
wager,1,n
wages,1,n
waggons,1,n
wagon,1,n
waive,1,n
waived,1,n
waives,1,n
waiving,1,n
wakefield,1,n
wakefulness,1,n
walcot,1,n
walkers,1,n
walnut,1,n
walsh,1,n
waltz,1,n
waltzes,1,n
wanderings,1,n
wantonness,1,n
ward's,1,n
warded,1,n
wardrobe,1,n
ware,1,n
warleigh,1,n
warnings,1,n
warped,1,n
warranted,1,n
warrants,1,n
warrior,1,n
wary,1,n
was_,1,n
wash,1,n
washed,1,n
wasteful,1,n
watchman,1,n
watchung,1,n
watson's,1,n
wave,1,n
waverings,1,n
wax,1,n
waxen,1,n
weakest,1,n
weakly,1,n
wearer,1,n
wearer's,1,n
weasel,1,n
weather's,1,n
weathers,1,n
web,1,n
webbs,1,n
wedging,1,n
weighs,1,n
weighty,1,n
weltering,1,n
werter,1,n
westbrook,1,n
westerham,1,n
westerly,1,n
wetter,1,n
wettest,1,n
wheat,1,n
wheedled,1,n
wheel,1,n
wheeled,1,n
wheels,1,n
wherefore,1,n
wheres,1,n
wherewith,1,n
whiled,1,n
whimper,1,n
whine,1,n
whirl,1,n
whitakers,1,n
whitehall,1,n
whiten,1,n
whiter,1,n
wholesomeness,1,n
wicket,1,n
widen,1,n
widespread,1,n
widowhood,1,n
width,1,n
wig,1,n
wildenheim's,1,n
wildest,1,n
wilford,1,n
wilfull,1,n
wilfulness,1,n
wilhelminus's,1,n
willfully,1,n
wind's,1,n
winded,1,n
wingfield's,1,n
wink'd,1,n
winks,1,n
winner,1,n
winningly,1,n
wins,1,n
winters,1,n
wipe,1,n
witch,1,n
witches,1,n
withholding,1,n
withstanding,1,n
witted,1,n
wittiest,1,n
wm,1,n
woes,1,n
wolfenbach,1,n
wolsey's,1,n
wonderer,1,n
wonderings,1,n
woodby,1,n
wooded,1,n
wooden,1,n
woodville,1,n
wooed,1,n
wool,1,n
woollen,1,n
woolwich,1,n
worcester,1,n
wording,1,n
workbags,1,n
workbasket,1,n
wormed,1,n
worries,1,n
worshipped,1,n
worshipping,1,n
worships,1,n
worsted,1,n
worsting,1,n
worthies,1,n
worthiest,1,n
wreath,1,n
wreck,1,n
wretchedest,1,n
wriggles,1,n
wring,1,n
writ,1,n
writer's,1,n
writings,1,n
wronging,1,n
wrung,1,n
wynna's,1,n
yawned,1,n
yawning,1,n
yawns,1,n
year's,1,n
yeomanry,1,n
yeomen,1,n
yestermorn,1,n
yorkists,1,n
youngster,1,n
younker,1,n
your's,1,n
youths,1,n
zephyr,1,n
zigzags,1,n
